title,link,content
[전북 창업지원 종합정보 서비스 앱 런칭],https://n.news.naver.com/mnews/article/003/0011663082?sid=102,"[
기사내용 요약웹 이어 앱 버젼 출시로 이용자 편의성 높여푸시알림 설정하면 맞춤형정보 실시간 제공



[전주=뉴시스] 전라북도청 전경.  *재판매 및 DB 금지[전주=뉴시스] 김민수 기자 = 전북도와 전북창조경제혁신센터는 지역의 창업정보를 한곳에 모아 제공하고 있는 ‘전북 창업정보 서비스’앱(APP)을 2월1일 출시한다고 29일 밝혔다.‘전북 창업정보 서비스’는 중앙부처와 전북창조경제혁신센터, 전북테크노파크 등 지역 내 52개 혁신창업기관, 보육시설, 시제품 제작소, 민간투자사 등 창업 관련 정보를 원스톱으로 제공하는 종합 창업정보 플랫폼이다.그동안 웹(WEB)으로 서비스를 제공했으나, 이용자 편의성을 높이기 위해 이번에 스마트 앱(APP)으로 서비스를 제공한다.앱(APP) 서비스는 이용자가 원하는 창업정보를 업력별, 단계별, 분야별로 맞춤형으로 검색할 수 있다. 회원 가입을 통해 푸시알림 설정을 하면 원하는 맞춤형 정보도 실시간으로 받아볼 수 있다.구글 플레이 스토어와 앱 스토어에서 내려받을 수 있으며, 앱 사용의 활성화를 위해 수행기관인 전북창조센터에서는 2월1일부터 1개월간 앱 다운로드 이벤트를 진행한다.‘전북 창업정보 서비스’앱을 내려받은 후 회원 가입하면 추첨을 통해 100명에게 기프티콘을 경품으로 제공할 계획이다.이를 통해 창업자의 관점에서 간편하고 알기 쉽게 정보를 활용할 수 있어 창업기업의 정보 갈증을 해소하는 데 도움이 될 것으로 기대된다.윤세영 도 창업지원과장은 “이번 앱(APP) 서비스를 통해 원하는 창업지원 정보를 편하게 확인해서 활용할 수 있다”며 “앞으로도 더 다양하고 세분화된 살아있는 정보 제공에 최선을 다하겠다”고 밝혔다.
]"
"[""공공 기술사업화조직, 사업 정체에도 창업·투자 확대 망설여""]",https://n.news.naver.com/mnews/article/001/0013723730?sid=105,"[
KISTEP, '공공 TLO의 미래-출연연 TLO를 중심으로' 보고서(서울=연합뉴스) 조승한 기자 = 정부출연연구기관의 기술사업화를 담당하고 있는 '기술사업화 전담조직'(TLO)이 역량 강화 필요성을 인지하고도 정작 현재 안정적인 구조를 바꾸고 싶지 않아 창업·투자 등 기술사업화 범위 확대에 주저한다는 지적이 나왔다.    29일 한국과학기술기획평가원(KISTEP)에 따르면 임현 KISTEP 기술예측센터 선임연구위원팀은 이런 내용을 담은 '공공 TLO의 미래-출연연 TLO를 중심으로' 보고서를 최근 발간했다.    TLO는 연구소의 우수한 연구성과를 민간 이전하거나 사업화하는 전담 조직으로, 수익을 창출해 연구소의 재정 건전성에 기여하면서도 기업의 경쟁력을 높이려는 목적으로 설치된다.    우리나라는 '기술의 이전 및 사업화 촉진에 관한 법률'(기술이전법)에 따라 국가과학기술연구회(NST) 산하 출연연 24곳에서 TLO를 운영하고 있다.    그러나 최근 국내 출연연 TLO의 인력과 예산은 지속해서 감소하고 기술사업화 성과도 정체 상태라고 보고서는 설명했다.    실제로 국회 과학기술정보방송통신위원회 소속 정필모 더불어민주당 의원이 연구회로부터 제출받은 자료에 따르면 연구회 소관 출연연 전문인력은 2017년 231명에서 지난해 6월 190명으로 줄었다.    이 중 변리사, 박사학위 소지자, 기술거래사, 기술가치평가사 자격증 보유자 등 전문인력은 2017년 163명에서 올해 6월 117명으로 약 28.2% 감소했다.    출연연 TLO의 예산도 2017년 1천34억 원에서 2021년 646억 원으로 매년 감소한 것으로 나타났다.



정부출연연구기관 TLO 예산 현황(억원)[국가과학기술연구회 제공. 재판매 및 DB 금지]이와 함께 출연연의 기술이전 건수도 2016년 2천670건을 기점으로 매년 줄어들면서 기술사업화가 정체되고 있다는 지적이다.    보고서는 해외 주요 출연연은 연구기관별 특성에 따라 기술이전 중심 기술사업화에서 기술창업과 투자, 액셀리레이팅 등으로 사업 범위를 늘리고, 독립법인을 운영하는 등 최적화된 TLO를 구축해 성과를 내고 있다고 설명했다.    반면 국내 TLO는 내부 조직 위주로 구성되면서 기관장이 바뀔 때마다 조직과 인력, 예산이 쉽게 바뀌고, 전문가 조직이 아닌 행정조직 일부로 보면서 지원 역할만 강조하는 상황이라고 지적했다.    해외 사례에서 보듯 대내외 환경변화에 따라 TLO 조직 형태를 다양화하는 것이 유리하지만, 현재 출연연 TLO 조직은 대부분 변화에 찬성하지 않는 것으로 나타났다고 보고서는 설명했다.    연구팀이 출연연 TLO 종사자를 대상으로 2030년 민간 주도의 외부 조직과 기관 주도의 내부 조직, 기술이전 중심과 창업 중심 중 어떤 것을 선호하는지를 조사한 결과 현재 형태인 내부 조직, 기술이전 중심 운영을 선호한다는 응답이 48.1%로 가장 높게 나타났다.    반면 독립 민간조직, 창업 중심 운영을 선호한다는 응답은 10.4%에 그쳤다.    종사자들은 정책적 중요성을 묻는 설문에는 선호와 관계없이 전문성 및 자율성 강화, 안정적 예산 확보, 기술사업화 비즈니스 모델 다양화 등이 필요하다고 했다.    보고서는 ""TLO 인력들은 현재의 안정적인 TLO 거버넌스 및 조직구조를 바꾸고 싶지 않으면서도 역할 다양화와 역량배양 중요성은 인지하고 있다""며 ""창업 활성화를 위해서는 개별 출연연 특성을 고려한 TLO 조직구조 및 기술사업화 비즈니스 모델 다양화가 필요하다""고 결론지었다.    정부도 효율성이 떨어지고 있는 공공 TLO 개선이 필요하다고 보고 개선 작업에 착수했다.     과학기술정보통신부는 지난달 발표한 올해 업무계획 중 하나로 공공 TLO 혁신 추진을 내걸고 민간전문가 활용을 통한 기능 강화, TLO 내 자체 지원 트랙 신설 등을 진행하겠다고 밝혔다.    shjo@yna.co.kr
]"
"[물러난 창업자들까지 불러 모았다…발칵 뒤집힌 구글, 왜?]",https://n.news.naver.com/mnews/article/015/0004803970?sid=104,"[
인간 영역 넘보는 '챗GPT' 돌풍오픈AI와 협업 기업들 주가 폭등버즈피드, 하루새 120% 치솟아의료·법률·경영 다방면 역할 기대피차이 구글 CEO, 비상사태 선포""1~2년내 검색엔진 주도권 뺏긴다""창업자까지 불러모아 대응 논의세계 최대 인공지능(AI) 연구소 오픈AI가 개발한 AI 챗봇 ‘챗GPT’가 급속도로 확산하고 있다. 클라우드, 검색엔진에 이어 온라인 뉴스 플랫폼에서도 챗GPT를 활용한다. 미국 온라인 미디어업체 버즈피드가 오픈AI와 협업하기로 했다. 챗GPT의 급성장에 구글은 ‘비상경계령(Code Red)’을 내렸다. AI가 검색엔진을 대체할 것이란 우려가 커졌기 때문이다. 챗GPT가 일으킨 바람에 세계 정보기술(IT) 판도가 요동치고 있다. 기사 쓰는 AI



26일(현지시간) 월스트리트저널(WSJ)에 따르면 조나 페레티 버즈피드 최고경영자(CEO)는 직원들에게 보낸 메모를 통해 오픈AI와의 협업을 발표했다. 그는 “AI가 올해 편집과 경영에서 더 큰 역할을 하게 될 것”이라고 말했다.오픈AI는 일론 머스크 테슬라 CEO가 2015년 설립한 인공지능 개발사다. 지난해 11월 사람처럼 글을 쓰는 챗봇인 챗GPT를 공개했다.이날 버즈피드 경영진의 발표와 관련해 내부에선 팩트 체크가 부실할 것이란 지적이 나왔다. 앞서 IT전문 매체 시넷이 뉴스 제작에 AI를 도입한 뒤 77개 오보를 냈기 때문이다. 이에 대해 페레티 CEO는 “사람 일을 대체하기 위해 AI를 적용하지 않을 것”이라며 “비용 절감보다 AI가 지닌 역량을 활용하는 데 초점을 맞출 것”이라고 설명했다.오픈AI와 손잡았다는 소식에 버즈피드의 주가는 폭등했다. 이날 뉴욕증시에서 전 거래일보다 119.88% 급등한 2.09달러에 장을 마쳤다. 챗GPT 관련 기업들의 주가도 치솟았다. 마이크로소프트(MS)는 이날 3%가량 뛰었다.MS는 지난 23일 오픈AI와의 파트너십을 발표했다. 총 100억달러(약 12조원)를 투자한 것으로 알려졌다. MS는 클라우드 서비스인 ‘애저’와 검색엔진 ‘빙’에 오픈AI의 AI 기술을 활용할 방침이다. ‘코드레드’ 발동한 구글챗GPT의 등장에 구글은 비상경계령을 내렸다. 물러난 창업자들을 한자리에 불러 모았다. 뉴욕타임스(NYT)에 따르면 최근 순다르 피차이 CEO는 3년 전 회사를 떠난 공동 창업자 래리 페이지, 세르게이 브린과 머리를 맞대고 챗GPT 대응책을 논의했다. 구글의 지메일을 개발한 폴 부케이트는 “AI가 곧 검색엔진을 대체할 것이다. 구글이 붕괴하기까지 1~2년 남았다”고 경고했다.구글은 오는 5월 개최되는 ‘구글 개발자 콘퍼런스(I/O)’에서 챗GPT에 맞설 20여 가지 AI를 공개할 계획이다.챗GPT 확산에 신바람 난 기업들도 있다. 그래픽처리장치(GPU)를 개발하는 엔비디아, 이를 수탁생산하는 대만의 TSMC와 TSMC에 제조 장비를 공급하는 ASML 등이다. AI를 작동하려면 고성능 GPU가 필수다. 챗GPT도 엔비디아의 GPU인 ‘A100’을 통해 작동한다.챗GPT의 활용은 점차 확대될 전망이다. 의료·법률·경영 등 전문 직종에 쓰기 적합하다는 분석이 나온다.미국 펜실베이니아대 와튼스쿨에서 챗GPT는 경영학석사(MBA) 과정의 필수 교과목인 ‘운영관리’ 기말시험을 통과했고, 미네소타대 로스쿨에선 졸업시험에 응시해 ‘C+’를 받았다.교육계도 들썩이고 있다. 뉴욕시 교육부는 지난 5일 모든 공립학교에서 챗GPT 사용을 금지했다. 학생의 비판적 사고를 방해한다는 이유에서다.
]"
"[“위믹스에 진심 표한다”…박관호 위메이드 창업자, 올해도 300억원 위믹스 매입]",https://n.news.naver.com/mnews/article/366/0000872499?sid=105,"[
장현국 대표도 올해 첫 월급 위믹스 투자



위메이드 창업자인 박관호 위메이드 의장. /위메이드 제공        위메이드 창업자인 박관호 위메이드 의장이 올해도 300억원 규모의 가상자산 위믹스를 매입하겠다고 밝혔다. 지난달 장현국 위메이드 대표가 새해 첫 월급을 위믹스로 받은 데 이어 창업자까지 나서 위믹스 살리기에 나선 것이다.27일 위메이드에 따르면 박 의장은 전날 올해 300억원의 사재를 투입해 위믹스를 국내 거래소에서 매입한다는 계획을 발표했다. 지난해에 이어 올해도 300억원 규모의 위믹스를 매입하겠다는 것이다. 매입한 위믹스는 1년 동안 매도나 처분하지 않겠다고 박 의장은 약속했다. 그는 위믹스를 처분할 경우 공시를 통해 커뮤니티와 소통하겠다는 뜻도 드러냈다.박 의장은 “위메이드와 위믹스 수장으로서 장 대표를 포함한 위메이드 전체 임직원에게 무한한 신뢰와 지지를 보낸다”라며 “위믹스 커뮤니티 일원으로 위믹스에 대한 진심을 표한다”라고 했다.앞서 장 대표도 지난 20일 받은 올해 첫 월급을 전액을 위믹스 매입에 사용했다. 지난해 4월부터 시작해 11번째 위믹스 매입이다. 위메이드 관계자는 “박 의장과 장 대표는 위믹스 생태계의 지속 가능한 발전에 기여하겠다는 약속을 이행하겠다는 의지로 위믹스 매입을 이어오고 있다”라고 했다.
]"
"[창업자 4세 도요타 사장, 회장으로 승격]",https://n.news.naver.com/mnews/article/009/0005079666?sid=101,"[
후임에는 사토 고지 집행임원



일본 대표 기업 도요타자동차의 도요다 아키오 사장(사진)이 대표권이 있는 회장으로 승격되고 새 사장에는 사토 고지 집행임원이 임명된다. 도요타는 오는 4월 1일자로 이 같은 인사를 단행한다고 26일 발표했다. 니혼게이자이신문(닛케이)은 인사 배경과 관련해 최근 경영과제였던 코로나19 대응에서 최악의 시기는 벗어났다고 판단한 것으로 보인다고 분석했다. 회장으로 올라서는 도요다 사장은 창업자 자손으로서 구심력을 이어가고 사장 자리에는 사토 집행임원이 앉게 됐다고 닛케이는 전했다.창업자 4세인 도요다 사장은 글로벌 금융위기 직후인 2009년 6월 창업자 가문 출신으로는 14년 만에 사장에 취임했다. 도요다 사장은 2010년 미국에서 벌어진 대량 리콜 사태로 의회 청문회에 출석하기도 했다. 도요타는 2020년 5년 만에 세계 자동차 판매 대수 1위에 복귀한 이후 작년까지 3년 연속 1위를 유지했다.도요다 사장은 2000년 44세에 이사로 발탁됐으며 2002년 상무, 2003년 전무를 거쳐 2005년 부사장, 2009년 사장에 오르는 등 고속 승진을 이어왔다.도요다 사장은 취임 후 개발·생산 효율화를 위해 여러 '제휴' 전략을 선보인 바 있다. 2016년에는 다이하쓰공업을 완전 자회사로 만들었고 2017년에는 마쓰다, 스바루, 스즈키 등과 자본·업무제휴를 맺는 결단을 내려 관계를 발전시켰다.
]"
"[‘전북 창업정보 서비스’ 앱, 다음 달 1일 출시]",https://n.news.naver.com/mnews/article/056/0011418198?sid=102,"[
[KBS 전주]전라북도와 전북창조경제혁신센터가 '전북 창업정보 서비스' 앱을 다음 달 1일 출시합니다.지역 50여 개 창업기관과 민간투자사의 정보를 한 데 모아 제공합니다.앱을 이용하면 원하는 내용을 분야와 단계별로 검색할 수 있고, 회원가입을 하면 맞춤형 정보도 실시간으로 받아 볼 수 있습니다.
]"
"[남해군, 도시재생 관광창업 아카데미…2월11일 개강]",https://n.news.naver.com/mnews/article/003/0011662655?sid=102,"[




[남해=뉴시스] 차용현 기자 = 경남 남해군은 내달 11일 ‘도시재생 관광창업 아카데미’를 개강한다고 28일 밝혔다.이번 아카데미는 지역의 특성을 살릴 수 있는 관광 비즈니스 모델을 개발해 창업으로 이어질 수 있게 하기 위해 마련된다.교육은 ▲창업아이템의 아이디어 발굴 ▲고객 중심의 사고 ▲현장조사 ▲시제품 제작 ▲워크숍을 통한 모의투자 등 창업을 위한 핵심적인 프로그램들로 구성됐다. 모집대상은 ▲남해에서 관광창업을 계획 중인 예비창업자 ▲관광창업 분야 사업자 등록 3년 이하의 초기 창업자 ▲관광창업에 관심 있는 대학생 및 청년 등이다. 이번 교육은 1기(합숙형, 스페이스 미조) 및 2기(주말형, 남해청년학교 다랑)로 총 2기수로 진행할 예정이다. 모집기한은 2월 9일 목요일까지로 각 기수별 15명씩 선착순 모집 예정이며, 교육비를 포함한 모든 비용은 무료다. 남해군 관계자는 “막연하게 생각했던 창업이라는 부분에 체계적이며 실전중심의 교육으로 진행 될 이번 관광창업 아카데미에 예비 창업자 및 창업에 관심있는 분들의 많은 참여를 바란다”고 말했다.한편 관광창업 아카데미 수강신청 및 자세한 사항은 남해군 도시재생지원센터 홈페이지 및 인스타그램을 통해 확인할 수 있다.
]"
"[남양유업·효성·고려제강 창업주 손자 등 ‘대마 네트워크’... 檢, 전격 기소 (종합)]",https://n.news.naver.com/mnews/article/366/0000872305?sid=102,"[
“‘대마 네트워크’ 구축해 대마 유통·판매”금융사 일가·창업자 손자·연예계 등 다양검찰, 17명 기소... 출국한 3명 지명수배



신준호 중앙지검 강력범죄 수사부장이 26일 서초구 서울중앙지검에서 재벌가 3세, 연예인 등이 가담한 대마사범 집중수사 결과 발표를 하고 있다. /뉴스1        마약을 국내에 유통한 혐의를 받는 재벌 3세 등이 무더기로 재판에 넘겨지면서 이른바 유력층 자제들의 ‘마약 스캔들’이 일단락됐다. 이들은 자신들만의 네트워크를 만들어 대마를 직접 재배한 뒤 피우거나 판매한 것으로 나타났다. 검찰은 해외로 도주한 이들을 끝까지 추척하겠다는 방침이다.서울중앙지검 강력범죄수사부(부장검사 신준호)는 마약류처벌법 위반(대마) 혐의로  남양유업 창업주 손자 홍모(40)씨, 고려제강 창업자 손자 홍모(39)씨 등 17명(구속 10명·불구속 7명)을 기소했다고 26일 밝혔다. 수사 단계에서 총 20명이 입건됐는데, 검찰은 현재 해외로 도주한 3명에 대해서는 지명수배를 내린 상태다.남양유업 창업주 고(故) 홍두영 명예회장 차남의 아들인 홍씨는 지난해 10월 대마를 주변에 유통하고 소지·흡연한 혐의를 받는다. 고려제강 창업주인 고(故) 홍종열 회장의 손자인 홍씨는 수차례 대마를 사고팔거나 흡연한 혐의, 대창기업 이동호 회장의 아들(36)은 총 8차례 걸처 대마를 판매한 혐의로 구속상태에서 재판에 넘겨졌다.구속기소된 이들 중에는 3인조 가수 그룹 멤버인 미국 국적의 가수 안모(40)씨도 있었다. 그는 대마 매수와 흡연, 그리고 자택에서 대마를 직접 재배했던 것으로 드러났다. 안씨의 소속사 대표 최모(43)씨도 함께 기소됐는데, 안씨로부터 대마를 구입한 것으로 조사됐다.불구속 기소된 7명 중에는 효성그룹서 분리된 DSDL의 이사 조모(39)씨도 있다. 조씨는 창업주 고(故) 조홍제 회장의 손자로, 지난해 1월부터 10달 간 총 네 차례 대마를 구입해 피운 혐의를 받는다. JB금융지주 일가인 임모(38)씨와 전직 경찰청장 아들 김모(45)씨 등도 불구속 상태로 기소됐다.검찰은 해외로 출국한 한일합섬 창업주 손자 김모(43)씨 등 3명에 대해서는 체포영장을 발부받았다. 한국 국적 1명에 대해서는 인터폴 적색 수배를 요청할 예정이지만, 외국 국적 2명에 대해서는 별다른 조치가 불가능한 것으로 전해졌다.



사건 조직도./서울중앙지검 제공        당초 이 사건은 경찰이 지난해 9월 알선책인 김모(39)씨를 수사한 뒤 검찰에 넘기면서 전모가 드러났다. 경찰은 김씨를 구속송치했지만, 집에서 발견된 대마 재배 시설 등은 압수하지 않았다. 이에 검찰은 주거지를 압수수색했고, 특히 해외 마약류 판매상이 보낸 대마가 담긴 국제우편물을 압수하면서 다수의 혐의를 발견했다.지인이 구속되는 등 검찰 수사망이 좁혀오자 이들 중 3명이 검찰에 자수했다. 검찰은 이들 3명을 불구속 기소했다.검찰은 이번 사건을 재벌·중견기업 2~3세, 연예계 종사자 등이 자신들만의 공급책을 두고 대마를 취급한 뒤 국내에 유통한 일종의 ‘카르텔’이라고 정의했다. 유학 시절 대마를 접한 뒤 귀국 후에도 끊지 못하고 ‘네트워크’를 구성해 대마를 생산·흡연했던 것으로 나타났다. 최근 사회문제로 대두됐던 SNS를 통한 ‘던지기’ 방식이 아니었던 것이 이번 사건의 특징으로 꼽힌다.특히 이들 중에는 마약 중독이 심한 피의자들도 있었던 것으로 파악됐다. 어린 자녀와 함께 사는 집에서 대마를 재배하거나 임신한 아내와 ‘태교 여행’을 하다가 대마를 피웠고, 형제가 대마 판매를 직업으로 삼기도 했다. 특히 과거에 기소유예나 벌금형 처벌을 받았던 이들도 4~5명 포함돼 있는 것으로 전해졌다.검찰 관계자는 “마약범죄에 대한 경각심·죄의식이 희박해졌다”면서 “국내 대마 유입 및 유통을 차단하는 데 만전을 기하겠다”고 전했다.



사진은 검거된 피의자가 자녀와 함께 사는 집에서 재배한 대마초.  /서울중앙지검 제공
]"
"[퇴사 3년차, 후회 아닌 이걸 깨달았습니다 [슬기로운 창업생활]]",https://n.news.naver.com/mnews/article/047/0002380349?sid=103,"[
안정적이고 평화로운 돈벌이는 없다... 작은 성공을 저축처럼 쌓아간다면【오마이뉴스의 모토는 '모든 시민은 기자다'입니다. 시민 개인의 일상을 소재로 한 '사는 이야기'도 뉴스로 싣고 있습니다. 당신의 살아가는 이야기가 오마이뉴스에 오면 뉴스가 됩니다. 당신의 이야기를 들려주세요.】20년 다닌 회사를 나오기 전, 회사 밖 생활에 대해 막연한 두려움이 있었습니다. 하지만 나와보니 그렇게 두려워 할  일만은 아니었습니다. 스타트업을 운영하는 저의 시행착오가 회사 밖 인생을 준비하는 사람들에게 도움이 되길 바라는 마음으로 이 글을 씁니다. &lt;기자말&gt;남편과 같이 본격적으로 사업하게 된 지 3년 차다. 20년간 다니던 회사에서 퇴사할 시점, 회사 밖의 생활에 대해 몹시 불안하고 걱정되었다. 하지만 회사 밖에서 살아보니 그렇게 두려워할 일 것만은 아니었다. 적게 벌면 적게 쓰면 되고, 적게 쓴다고 해서 덜 행복하거나 더 불행하지 않았다. 이것이 &lt;슬기로운 창업생활&gt; 연재를 시작한 이유였고, 이번 글을 마지막으로 내 할 말도 끝난다.흔히 회사를 그만두려면 부수입이 월급을 넘어서야 한다고 권유하지만, 나는 그렇게 생각하지 않는다. 월급 이상의 부수입을 만들려면 그만큼 시간을 많이 갈아 넣어야 하는데, 세상엔 공짜가 없다. 아이 둘을 키우는 워킹맘의 입장에서 일과 육아만으로도 벅찼고, 나에겐 소설가가 되고 싶은 꿈도 있었다. 내 꿈에 투자할 시간도 필요했다. 돈 버는 일에 나의 시간을 모두 소진하고 싶지 않았다. 돈과 시간, 선택의 길목에서창업하는 대부분의 목적은 돈을 더 벌기 위해서이지만, 나의 경우엔 시간을 벌기 위해서 선택한 것도 있다. 아이들과 보내는 시간, 글 쓰는 시간을 벌고 싶었다. 대신에 월급은 많이 줄어들었다. 돈과 시간을 맞바꾼 셈이었다.이걸 맞바꿀 만한 환경이 되었다는 것에 감사한 마음이다. 만약 생활비가 없었더라면 남편과 같이 사업할 생각은 하지 않았을 것이다. 그런 면에서 본다면 시간이든 돈이든 적당한 것이 행복한 인생을 만드는 데 필요한 것이 아닐까 싶다. 적당하게 벌고, 적당하게 누린다고 해서 노력을 대충 해도 된다는 것은 아니다. 치열하게 노력을 해야 평범한 것을 누릴 수 있다. 가끔 치열하게 노력하지 않아도 평범하게 행복한 인생을 누리는 사람들도 있어 보이지만, 겉으로 보이는 모습이 전부가 아닐 수 있다. 또한 그건 그들의 삶일 뿐 나의 삶은 아니다. 백인백색, 각자의 삶은 각자 다르다.          



     ▲  타인의 수익 인증을 보며 가끔 자괴감이 들지만, 그건 그들의 속도일 뿐이다.            ⓒ Unsplash   요즘은 크게 욕심부리지 않으면 직장에서 창업으로 전환할 기회가 많다. 정보를 얻기 쉽기 때문이다. 하지만, 이것이 발목을 잡기도 한다. 정보를 얻기 쉽기 때문에 손쉽게 성공할 수 있다고 착각하게 된다. 욕심과 조급함 때문에 평범함을 누리기도 전에 지쳐서 노력을 멈춘다. 간혹 단기간에 수천만 원 수익 인증을 하는 사람들을 보며, 혹해서 창업을 시도했다가 '나는 사업 체질이 아닌가 봐. 그냥 직장이나 열심히 다녀야겠어'라고 한계를 짓는 사람들도 많다. 나 또한 한때 그렇게 생각했고, 지금도 사업 체질은 아니라고 생각한다. 돈을 버는 측면에서만 본다면 직장을 다니는 것이 더 유리할 수도 있다. 생각해보면 직장 일이 손에 익숙해지는데도 몇 년이 걸린다. 신입사원 시절을 생각해보면 선배가 있고, 조직의 노하우가 있음에도 조직 생활에 익숙해지려면 2~3년은 걸렸다.하지만 사업은 선배도 없고, 노하우도 없으니 그보다 더 오랜 시간이 걸리지 않을까. 몇 달 만에 월급 이상의 수익을 올리길 바라는 환상은 초기 창업가를 쉽게 지치게 하고 포기하게 만든다.지치기도 전에 크게 망해서 다시 일어설 기회를 얻기 힘든 경우도 있으니 창업은 어떤 경우에도 조심해서 건너야 할 다리다. 특히 가족의 생계를 책임지고 있다면 더욱 조심해야 한다.나는 남편이 먼저 창업을 시작하고, 나중에 내가 퇴사 후 참여하는 형태로 안정적인 전환을 시도했다. 만약 배우자가 있다면 이런 형태로 창업을 할 수도 있다는 것을 알려주고 싶었다. 다만, 시간이 좀 오래 걸릴 수도 있으니 마음의 여유는 필수다.내가 생각하는 속도와 사업이 커가는 속도의 차이가 있고, 일하는 방식의 차이도 있으니까. 나의 경우는 거의 10년의 세월이 걸렸고, 현재 사업이 자리 잡고 생활비를 벌 수 있게 된 건 겨우 3년 정도이다. 그 이전엔 많은 실패와 위기를 거듭했고, 나는 가정 경제를 책임졌다. 이혼의 위기도 겪었다. 여러 고비를 넘기며 사회적으로 도태되지 않을까 하는 불안과 두려움은 필수였다. 내가 생각하는 성공의 정의         



     ▲  작지만 하나씩 이루어가는 재미, 그것이 사업하는 재미다.            ⓒ Unsplash   회사 밖에 나와서 살아보니 불안과 두려움은 삶에서 필요한 요소가 아닌가 하는 생각도 든다. 누군가 이제 사업이 자리잡았으니 안정적인거 아니냐는 말을 했다. 아니다. 직장이 늘 불안했던 것처럼, 사업도 늘 불안하다. 매출은 들쑥날쑥하고 경쟁사들과의 경쟁도 시시각각 치열하다. 자칫 넋놓고 있으면 고객을 빼앗긴다. 요즘 깨닫는 건 죽을 때까지 늘 안정적이고 평화로운 돈벌이는 없다는 것이다.불안과 두려움은 조급함을 불러온다. 조급함은 잘못된 판단을 불러온다. 사업을 하면서 가장 경계하는건 경쟁사가 아니라 불안과 두려움이었다. 나만 뒤처지는 것 아닌가? 회사를 다니는 것이 더 나았나? 이런 생각을 한 번도 안 했다면 거짓말일 것이다. 그때마다 생각한 건 회사로 다시 돌아가고 싶지 않다는 것과 이미 그 분야에서 나는 할 수 있는 모든 노력을 다 했다는 것이다. 더는 할 것이 없었다.  하지만, 사업은 내가 배울 것이 넘쳐났고, 내가 노력할 수 있는 만큼 성과를 보이는 분야였다. 비록 눈에 보이지 않는 작은 성공일지라도 회사 밖에서 내 손으로 하나하나 이루어나가는 재미가 있었다. 풍족하진 않지만, 생활비는 벌 수 있었다. 현재가 나쁘지 않았다. 나는 돈을 몹시 좋아하는 사람이지만, 의미도, 재미도 있어야 일을 하는 사람이라는 걸 깨달았다. 돈만 전부라거나, 의미가 전부인 사람은 아니었다. 균형있는 삶, 내가 원하는 삶이었다.  인생에서 꼭 큰 성공을 거두어야 의미가 있는 것은 아니라고 생각한다. 세상에서 성공이라고 하는 것들은 대부분 경제적인 것에 초점이 맞추어져 있는데, 성공의 기준도 내가 세우면 그만이라는 생각이 든다. 그리고 그 성공을 누구와 어떻게 누릴까를 생각한다면 성공의 정의는 달라져야 하지 않을까.나는 균형있는 삶을 원했고, 내가 좋아하는 사람들과 함께 성공을 누리며 살고 싶다. 그런 면에서 성공은 거창하지 않아도 된다고 생각한다. 작은 성취가 가져다주는 기쁨을 크게 누릴 줄 알면 그것이 성공 아닐까.이 글을 읽는 많은 분들이 오늘도 작은 성취를 이루어나가길 바란다. 실패를 겪더라도 시간의 힘을 믿으시길, 당신이 적금처럼 쌓아나갈 작은 성공들을 기원한다. 덧붙이는 글 | 이 기사는 이혜선 시민기자의 개인 블로그(http://blog.naver.com/longmami)에도 실립니다.
]"
"[[단독] 대마 판매·해외도주한 한일합섬 창업주 손자 ""자진 귀국""]",https://n.news.naver.com/mnews/article/437/0000330166?sid=102,"[




26일 재벌가 자제·연예인 등 대마사범 수사 결과 발표하는 신준호 서울중앙지검 강력범죄수사부장(사진 출처=연합뉴스)     대마를 판매한 뒤 해외로 도주한 한일합섬 창업주의 손자 김모씨가 검찰에 자진 귀국하겠다는 의사를 밝힌 것으로 JTBC 취재 결과 확인됐습니다.       서울중앙지검 강력범죄수사부는 내일(28일) 오전 김씨가 인천공항으로 귀국하는대로 체포영장을 집행할 계획입니다.       김씨는 다른 재벌가 자제 등에게 두 차례 대마를 판매한 혐의를 받고 있습니다.       김씨는 검찰 수사망이 좁혀오자 미국으로 출국했고 검찰은 김씨에 대해 체포영장을 발부받아 지명수배를 한 바 있습니다.       검찰은 대마를 흡연하거나 판매한 혐의로 재벌가 자제와 가수, 전직 경찰청장 아들까지 모두 17명을 재판에 넘겼습니다.  
]"
[대전 바이오벤처 창업지원공간 개소…실험실·장비 공유],https://n.news.naver.com/mnews/article/001/0013720003?sid=101,"[




대전 바이오벤처 창업지원공간 개소[대전시 제공. 재판매 및 DB 금지](대전=연합뉴스) 정윤덕 기자 = 바이오벤처 창업을 지원할 대전바이오벤처 오픈랩이 26일 대덕연구개발특구 내 대전바이오벤처타운에 문을 열었다.    8억원이 투입된 오픈랩은 250.7㎡에 입주기업 사무실 4실, 회의실 2실, 공용실험실 1실로 구성됐다.    입주기업들은 창업 초기 단계에 구축하기 어려운 실험실과 고가의 연구장비 등을 함께 사용할 수 있다.    시는 다음 달 입주기업을 모집할 예정인데, 대전테크노파크로부터 맞춤형 프로그램을 지원받으면서 대전바이오벤처타운 내 선배 기업들의 비법도 전해 받을 수 있다.    이석봉 경제과학부시장은 ""바이오산업 육성은 지역경제 성장과 양질의 일자리 창출 측면에서 매우 중요하다""며 ""지역의 우수한 바이오벤처들이 글로벌 유니콘 기업으로 성장할 수 있도록 적극적으로 지원하겠다""고 말했다.    한편 대전시는 바이오 분야 성장 발판 마련을 위해 2026년까지 451억원을 들여 대전바이오벤처타운 인근에 공동장비실, 입주공간(40실), 오픈랩, 회의실(2실) 등을 갖춘 대전바이오창업원을 구축할 계획이다.    대전바이오창업원이 문을 열면 6천여개의 일자리가 창출될 것으로 기대된다.    cobra@yna.co.kr
]"
"[충남도, 해양수산 창업·투자 지원…내달 1∼23일 접수]",https://n.news.naver.com/mnews/article/001/0013718939?sid=101,"[




해양수산 창업투자지원사업 포스터[충남도 제공. 재판매 및 DB 금지](홍성=연합뉴스) 김소연 기자 = 충남도는 다음 달 1∼23일 '해양수산 창업 투자 지원사업' 신청을 받는다고 26일 밝혔다.    이 사업은 우수 해양·수산 기술을 보유한 예비 창업자와 유망 기업을 발굴해 육성하기 위해 추진된다.    도는 올해 국비 8억5천만원을 포함해 총 17억원을 투입해 창업지원 등 6개 분야 14개 프로그램, 총 65건을 지원할 계획이다.    창업지원 분야 대상은 예비 창업자 또는 올해 창업한 기업(사업자등록증 기준)이다. 나머지 분야는 도내에 본사·연구소·공장 등을 1개 이상 보유한 해양·수산 관련 중소·중견기업이면 지원할 수 있다.    지원 방법 등 자세한 사항은 충남테크노파크 또는 도·시·군 누리집에서 확인할 수 있다.    soyun@yna.co.kr
]"
[조직개편 한 소진공…판촉·청년창업·홍보 등 5개팀 신설],https://n.news.naver.com/mnews/article/003/0011657444?sid=101,"[
기사내용 요약5본부 1연구센터 22실 25팀 체제로 변경



[서울=뉴시스] 소상공인시장진흥공단(소진공) 전경. (사진=뉴시스 DB). photo@newsis.com[서울=뉴시스] 배민욱 기자 = 소상공인시장진흥공단(소진공)이 정부정책 이행과 소상공인·전통시장 지원을 위해 지난 20일 조직을 개편했다.소진공은 소비축제 개최 지원, 기업가형 소상공인 육성과 디지털전환 지원 가속화, 소상공인 채무부담 완화 등 업무 수행을 위해 팀을 구성했다고 25일 밝혔다. 소진공은 공공기관 혁신가이드에 따른 조직 효율화 측면에서 부서 신설이 아닌 팀으로 편성했다. 기존 5본부 1연구센터 22실 20팀 구성에서 5본부 1연구센터 22실 25팀 체제로 변경됐다. 신설된 팀은 대규모 소상공인 판촉행사와 해외판로 확대 등을 담당하는 성장지원실 판매촉진팀, 정부의 청년정책 이행을 선도하기 위한 창업지원실 청년창업팀이다.또 새출발기금 지원 등 소상공인 채무부담 완화를 위한 금융관리실 채무조정팀, 소상공인·전통시장 디지털화 수준별 전략 수립을 위한 디지털지원실 디지털전략팀, 정책통합홍보 강화를 위한 홍보팀이다. 소진공은 시장상권본부 내 업무조정을 통해 지역상권의 글로컬 대표상권으로 전환 등 상권활성화 집중지원에 나선다. 상권육성실을 지역상권실로 개편해 지역상권 회복, 동네상권발전소 지원 등 상권활성화 업무의 범위를 확대하고 전문성도 강화한다. 조직 재정비에 따른 인사발령도 2월1일 부로 시행된다.소진공은 현장 중심 조직운영과 대외협력 강화 등 고객 우선 행정을 지속 추진하기 위해 전략적으로 조직과 인사를 운영해 나갈 방침이다．
]"
"[순창군, 귀농인 농업창업·주택구입 지원]",https://n.news.naver.com/mnews/article/003/0011660442?sid=102,"[




순창군청 전경. *재판매 및 DB 금지[순창=뉴시스] 김종효 기자 = 전북 순창군은 올해 상반기 '귀농 농업창업 및 주택구입 지원사업'의 신청을 접수한다.군은 귀농인의 귀농 초기 영농창업 및 주거부담을 완화하고 안정적인 정착을 도모하고자 '2023년 상반기 귀농 농업창업 및 주택 구입 지원사업' 신청자를 오는 2월3일까지 모집한다고 26일 밝혔다.이 사업은 관내 농업인 및 재촌 비농업인에게 농업창업자금(농지구입, 하우스 신축 등)과 주택마련자금(신축, 자기 소유 노후 농가주택 증·개축)을 융자지원하는 저금리 이차보전 사업이다.사업 대상자로 선정되면 연 1.5%의 대출금리로 5년 거치, 10년 분할상환 조건에 맞춰 농업창업자금은 최대 3억원, 주택마련자금은 최대 7500만원까지 대출 지원을 받을 수 있다.대상자는 만 65세 이하(주택구입 지원은 연령 제한 없음) 세대주로 도시지역에 1년 이상 거주하다가 농촌지역으로 전입한지 만 5년이 경과하지 않은 귀농인이나 농촌지역 거주 비농업인이다.단 귀농·영농교육을 100시간 이상 이수해야하는 별도의 자격이 요구된다.군은 신청한 지원자를 대상으로 사업 계획의 적정성과 실현 가능성, 영농정착 의욕, 융자금 상환 계획의 적절성 등을 심사해 지원대상을 선정할 계획이다.
]"
[[청주소식] 문화콘텐츠 창업 활성화 업무협약 등],https://n.news.naver.com/mnews/article/003/0011659968?sid=102,"[




[청주=뉴시스] 임선우 기자 = 충북 청주시문화산업진흥재단은 26일 스타트업 전문 매니지먼트사인 ㈜에이씨엔디씨와 업무협약을 하고, 문화산업 창업기업 발굴에 나섰다.청주시문화산업진흥재단은 이번 협약에 따라 충북콘텐츠코리아랩 내 교육 공간을 ㈜에이씨엔디씨에 제공하고, 로컬크리에이터와 충북콘텐츠코리아랩 창작자의 스타트업 연계를 지원한다.㈜에이씨엔디씨는 문화콘텐츠 분야 예비 창업자를 발굴해 창업을 지원한 뒤 안정적 시장 진출까지 도울 계획이다.◇청주시의회 직원 직무교육충북 청주시의회는 26일 특별위원회실에서 시의회 소속 직원 50여명을 대상으로 직무교육을 했다.지방의회 인사권 독립 1년을 맞아 윤진훈 (주)제윤의정 학술연구소장이 '지방의회 직원의 역할과 자세' 주제 특강을 했다.이열호 청주시 기획행정실장은 실무 중심의 '행정보고서 작성법'을 전수했다.교육 후에는 질의응답과 토론을 통해 의정활동 적용 방안을 모색했다.
]"
"[하동군,  취·창업 목적 차량 임대 청년에게 임차비 지원]",https://n.news.naver.com/mnews/article/001/0013720629?sid=102,"[
'청년드림카 지원사업', 월 40만원 한도 임차료 50%



하동군[하동군 제공. 재판매 및 DB금지](하동=연합뉴스) 지성호 기자 = 경남 하동군이 '하동군 청년드림카 지원사업'을 추진한다고 26일 밝혔다.    이 사업은 교통환경이 열악한 지역 특성을 반영해 청년들의 이동권을 보장하려고 청년 렌터카 임차비용을 지원하는 정책이다.    지난해 9월 청년 설문조사에서 가장 필요하다고 생각하는 교통정책이었던 렌터카 지원사업을 반영했다.    하동군에 주소를 둔 청년이 취업·창업 등을 주목적으로 차량을 임차할 경우 임차비를 지원한다.    사업에 선정된 청년에게는 월 40만원 한도에서 차량 임차료의 50%를 지원하며, 지원기간은 사용 목적 및 여건에 따라 연장될 수 있다.    지원 자격은 신청일 기준 하동군에 주소를 둔 운전면허를 소지한 만 19∼45세 청년이며, 지원 대상은 차량 사용 목적, 타당성 등을 평가해 선정된다.    하동군은 2023년을 청년정책의 원년으로 선포하고 다양하고 특색 있는 청년사업사업을 추진하기로 했다.    하동군 관계자는 ""다양한 정책 발굴·시행을 통해 청년들에게 지역 정착을 유도함으로써 인구 유출을 방지하고 장기적으로 인구증가 효과를 기대한다""고 말했다.    shchi@yna.co.kr
]"
"['취업난' 창업으로 몰리는 MZ세대…""39살까지 경쟁상대""]",https://n.news.naver.com/mnews/article/003/0011655879?sid=101,"[
기사내용 요약3고 위기로 유례없는 취업난에 청년 창업 늘어 정부, '청년창업사관학교·창업중심대학' 지원해39세 이하까지 청년…20대 위한 특화지원 필요



[서울=뉴시스] 노원청년가게 1호. (사진=노원구청 제공) 2021.04.24. photo@newsis.com *재판매 및 DB 금지[서울=뉴시스]이수정 기자 = #1. 서울 광진구에 거주하는 성산하(25)씨는 1년 전부터 반려동물 건강기능식품 관련 스타트업 창업을 준비하고 있다. 취업 준비에 한창인 주변 친구들과 다른 길을 택한 성씨는 ""남들보다 빨리 실패를 경험해보는 것도 나쁘지 않겠다는 생각이 들어서 도전하게 됐다""고 말했다. 호기롭게 시작한 창업 준비지만 성씨는 이따금씩 자금 여력이 부족해 고민이 든다고 털어놨다. 그는 ""청년 창업이다 보니 획기적인 아이디가 아니면 실패할 가능성이 큰데 그런 실패에 대한 추후 대비책이 마련돼 있지 않은 것이 걱정""이라고 말했다.#2. 감성소프트를 운영하고 있는 전자연(26)씨는 1년 간 창업을 준비해 지난 2020년 2월 본격적으로 사업을 시작했다. 대학원 석사 과정 중 과학기술정보통신부에서 진행하는 '공공기술기반 시장연계 창업탐색 지원사업(한국형 아이코어)'에 참가해 최우수팀으로 선정되면서 해당 아이템으로 창업을 시작하게 됐다. 전씨가 운영하는 감성소프트는 모션 자막 템플릿 중점의 다양한 영상편집 플랫폼을 제공하는 업체다. 전씨는 ""관련 분야에 대한 시장성을 보게 돼서 자연스럽게 창업을 하게 됐다며""고 말했다. 그는 현재 서울시와 용산구청이 함께 지원하고 있는 청년 창업 지원센터에서 사업을 하고 있다. 그는 사업 성장에 있어서 청년 창업 정책이 많은 도움이 됐다고 말한다. 전씨는 ""저희는 정부 과제를 통해서 자금 지원과 공간지원을 받으며 성장했는데 최근 창업하시는 분들을 보면 자금 지원과 더불어 현실적인 코칭 지도가 있으면 더 좋지 않을까 생각했다""고 말했다.  창업이 뛰어드는 20대 청년층 비율이 점차 늘어나고 있다. 정부도 이에 청년 창업자들을 위한 정책 마련에 발벗고 나섰다. 하지만 일각에서는 현재 진행되고 있는 지원을 넘어서 창업 준비 단계에 있는 청년들을 위한 현실적인 정책이 필요하다는 목소리가 나온다. 24일 통계청에 따르면 15~29세 자영업자는 2018년 1~8월 기준 2.94%에서 지난해 1~8월 기준 3.4%로 증가했다. 3고(고물가·고금리·고환율) 위기에 유례 없는 취업난까지 닥치며 청년 창업자 비율은 점차 더 늘어날 것으로 보인다.""청년 창업지원 정책, 홍보 더 돼야…코칭 프로그램도""정부에서도 청년 창업자들을 위한 지원 정책 마련에 나섰다. 중소벤처기업부(중기부)는 지난 15일부터 청년 창업자 육성을 위한 '2023년 청년창업사관학교' 입교생 모집에 나섰다. 모집 대상은 39세 이하, 창업 3년 이하 이내인 대표자다. 청년창업사관학교는 유망 창업아이템과 혁신기술을 보유한 우수 창업자를 발굴해 입주공간 제공, 교육·코칭, 사업화자금 지원 등 창업 전 단계를 패키지로 지원하는 사업이다. 지난 2011년부터 운영돼 전국 18개 지역에서 현재까지 6741명의 청년 창업가를 배출했다. 이외에도 공공기술을 활용해 청년 창업기업을 발굴·육성하는 '공공기술 창업 사업화 지원사업'과 만 29개 이하 예비 창업자를 지원하는 '생애최초 청년창업 지원사업'을 신설해 청년 창업 활성화를 도모하고 있다. 대학 내 창업열기를 확산하기 위해 창업중심대학을 권역별로 지정하고 대학별 특화프로그램을 지원한다는 방침이다.하지만 일부 창업 준비자들 사이에서는 지원 정책을 체감하기 어렵다는 목소리가 나온다.성씨는 ""정부 정책을 어렴풋이 들어는 봤지만 어떤 내용을 담고 있는지 정확히 알진 못했다""며 ""홍보가 잘 안되고 있는 것 같다""고 지적했다. 그는 ""초기 단계에 진입하는 청년들에게는 자금 지원이 더 있었으면 좋겠다""고 말했다. 보다 본질적인 문제 해결을 위해 청년 창업가들을 위한 코칭 프로그램이 마련돼야 한다는 의견도 있다. 전씨는 ""청년 창업이라고 하면 청년들이 '취업난이라서, 경험 삼아 해보면 괜찮을 것 같아서'라는 마인드로 (창업을) 시작하게 되는 경우가 많지만 창업이 현실적으로 쉬운 일은 아니다""라며 ""시작하기 전에 이 창업으로 정말 얻고자 하는 것이 무엇인지 어떻게 진행을 해나갈 것인지를 코칭해주는 게 상당히 중요한 것 같다""고 말했다. 전씨는 ""코칭 중에서도 자금 지원이나 공간 지원에 대해 알려주는 서비스도 있을 수 있고, 해당 서비스에 대한 코칭도 있을 수 있다""며 ""현실적으로 창업을 어떻게 꾸려나갈지 코칭해줄 수 있는 멘토들을 꾸리는 게 훨씬 중요하다고 생각한다""고 강조했다.  ""39세까지 청년? 20대로 범위 좁히고 지원 특화해야"" 일각에서는 정부에서 지원하는 청년의 범위가 너무 넓어 실효성이 없다는 지적도 나온다. 현재 대부분의 '청년 지원 사업'은 지원 가능한 청년의 범위를 39세 미만으로 규정하고 있다. 이는 법적에서 정하고 있는 청년의 기준이다. 성씨는 ""기존 업체도 그렇고 같은 계열의 경쟁사가 많다보니 그 업체를 이길만한 무언가를 찾아야 하는데 혼자 하다보니 시간이 많이 소요되는 것 같다""며 ""경험치가 부족한 청년들을 위한 지원제도가 있었으면 한다""고 말했다. 전문가들은 20대 초중반 청년들을 위한 특화된 지원사업이 나와야 한다고 지적한다. 김경환 성균관대 글로벌창업대학원 교수는 ""법적인 나이로 보면 서른 아홉까지를 청년이라고 보는데 그 기준으로 봤을 땐 지원 사업들이 굉장히 많다. 하지만 우리가 통상적으로 청년이라고 하면 대학생 수준을 얘기하지 않냐""며 ""20대 초중반 대학생으로 놓고 봤을 때는 그들을 지원하는 특화 사업들이 많이 없는 상황""이라고 말했다.김 교수는 ""이번에 중기부에서 창업중심대학 사업을 만들었는데 그것도 우리가 얘기하는 대학생 나이대를 위한 청년지원 사업이 아니라 서른 아홉까지, 굉장히 넓은 범위의 지원사업""이라며 ""30대 이후의 사람들과 달리 20대 청년들은 경험도 없고 데이터도 없다 보니 미흡할 수밖에 없어서 그들만을 위한 지원 사업이 있어야 한다""고 강조했다.청년들이 창업에 실패할 경우 다시 재기할 수 있도록 완충 장치가 만들어져야 한다는 의견도 있다. 김 교수는 ""창업에 실패했을 경우 재도전할 수 있는 기회를 만들자는 논의가 굉장히 많았는데 전체적으로 그런 부분에 대한 준비는 미흡한 것 같다""며 ""청년들에게 재도전할 수 있는 기회를 주는 것은 당연한 것이고 필수적인 것이기 때문에 관련 제도의 보완이 시급히 이뤄져야 한다""고 말했다．
]"
[‘대전바이오벤처 오픈랩’ 개소… 창업기업 지원 나선다],https://n.news.naver.com/mnews/article/005/0001582617?sid=102,"[
실험실·고가장비 자유롭게 사용다음 달 입주기업 모집 예정



대전의 바이오 창업기업이 실험실, 고가의 장비 등을 자유롭게 이용할 수 있는 공간이 문을 열었다.대전시는 26일 유성구 전민동 대전바이오벤처타운에서 ‘대전바이오벤처 오픈랩’ 개소식을 개최했다. 이석봉 대전시 경제과학부시장과 이병철 대전시의회 산업건설위원회 위원장, 맹필재 바이오헬스케어협회장 등 산·학·연·병 관계자들이 참석했다.오픈랩은 대전바이오벤처타운 5층에 조성됐다. 총 면적 250.72㎡에 입주 기업 사무실 4개, 회의실 2개, 공용 실험실 1개로 구성됐다.시는 다음 달에 입주 기업을 모집할 예정이다. 입주 기업은 초기 창업단계에서 구축하기 어려운 실험실, 고가의 연구 장비 등을 자유롭게 사용할 수 있으며 개별 사무실·회의실 등도 제공받게 된다.또 대전테크노파크로부터 맞춤형 기업지원 프로그램을 지원받을 수 있으며 대전바이오벤처타운에 입주한 선배 기업들의 노하우를 공유할 수 있는 기회도 주어진다.이석봉 부시장은 “바이오산업 육성은 지역경제 성장과 양질의 일자리 창출 측면에서 전략적으로 매우 중요하다”며 “지역의 우수한 바이오 벤처 기업들이 글로벌 유니콘 기업으로 성장할 수 있도록 적극 지원하겠다”고 말했다.대전바이오벤처 오픈랩은 시가 지역 바이오 창업기업을 지원하기 위해 구축하는 ‘가칭 대전바이오창업원’의 안정적인 운영을 위해 시범적으로 도입됐다. 2026년 개원을 목표로 조성 중인 대전바이오창업원은 공동장비실과 입주공간 40개, 공유형 오픈랩, 회의실 2개, 협력기관 사무실 등이 들어설 예정이다.시는 바이오창업원이 개소할 경우 6000여개의 일자리가 창출될 것으로 기대하고 있다.
		]"
"[경남벤처스타트업협회, 제2회 기술창업 멘토뱅크 사업 성과공유회]",https://n.news.naver.com/mnews/article/022/0003778104?sid=102,"[
			경남벤처스타트업협회는 제2회 기술창업 멘토뱅크 사업 지원 통합멘토링과 성과공유회를 개최했다고 28일 밝혔다.     경남벤처스타트업협회는 수도권에 집중돼 있는 기존 산업 패러다임에서 벗어나 경남지역을 중심으로 창업 생태계를 구축하기 위해 발족한 벤처기업 모임이다.     



   경남벤처스타트업협회, 제2회 기술창업 멘토뱅크 사업 성과공유회.    지자체, 민간기관과 연계해 창업교육·전문가 네트워킹·보육시설·투자유치·제품개발·판로개척 등을 지원하며 △지역주도형 인큐베이팅 △엑셀러레이팅 모델 정착을 목표로 한다.     또 스타트업 기업에 적합한 전문 멘토를 연결해 선배 기업인들의 경험을 공유하고, 실질적인 노하우를 전수받을 수 있도록 한다.     이날 행사는 기술창업 기업 역량을 높이고 창업기업과 자문위원 간 교류와 소통, 스타트업 기업 성장과 지원, 투자유치 등을 위해 열렸다.     기술창업 역량강화 교육에는 스타릿지파트너스 이승민 대표의 '기업가 마인드셋', 이든벤처스 이진희 대표의 '스타트업 자금유치 방법', 세마인베스트먼트 정세홍 본부장의 '스타트업 투자 유치 가이드', 신현목 변호사의 '창업기업 기술보호를 위한 법률적 검토'에 대한 강의가 진행됐다.     창업기업 발표에는 B2B컴퍼니 김동락 대표의 '수소 충전 에너지 저장 안정화를 위한 판막 및 고압밸브 개발', 오우브 최은주 대표의 '친환경 아웃도어 패션 생산 및 판매', 벨고 이백산 대표의 '레고식 블록 모듈을 활용한 스마트팜 제어 시스템', ㈜트윈위즈 김창수 대표의 '기능성 항균·항바이러스 첨가제'가 발표됐다.     전정현 경남벤처스타트업협회장은 “이번 행사가 지역 창업생태계 구축을 위한 기술창업 소통의 장이 되길 바란다”며 “앞으로도 기술창업 활성화와 창업기업 성장을 위해 노력하겠다”고 말했다.
]"
"[관악구, 올해 창업 지원·일자리 창출에 131억원 투입]",https://n.news.naver.com/mnews/article/001/0013720343?sid=102,"[




서울 관악구에 건립되는 '창업 HERE-RO 1' 조감도[관악구 제공. 재판매 및 DB 금지]    (서울=연합뉴스) 윤보람 기자 = 서울 관악구(구청장 박준희)는 올해 경제·일자리 분야에 예산 131억원을 투입한다고 26일 밝혔다.    우선 기존에 구축한 관악S밸리 기반을 공고히 하고 1천개 이상의 벤처기업을 유치하기 위한 전략인 '관악S밸리 2.0'을 본격 시행한다.    이를 전문적으로 지원할 '관악 중소벤처진흥원' 설립도 추진한다. 올해 전문기관 용역과 타당성 조사, 기본계획 수립 등을 거쳐 적정한 사업모델을 도출할 계획이다.    창업 인프라도 확충한다. '창업 HERE-RO 1'과 '서울대 연구공원 943동 창업공간'은 올해 준공을 목표로 하며, 서울대벤처타운역 일대 청년벤처 창업공간도 설계 중이다.    아울러 관내 소재 기업에 대한 투자와 자금 지원을 늘린다.    59억원 규모의 '관악S밸리 기업 지원 펀드'(가칭)를 조성하고, 7년 이내 벤처·창업기업에 최대 5천만원까지 사업화 자금을 지원하는 '스타트업 스케일 업' 사업을 확대한다.    강남골목시장, 영림시장을 비롯한 5곳의 골목형 상점가는 지원을 강화한다. 주요 골목상권 10곳에는 향후 4년간 총 30억원을 투입해 특색있는 테마골목으로 만드는 '권역별 골목상권 활성화 사업'을 지속한다.    '관악형 아트테리어 사업'은 올해 300곳 이상의 점포를 대상으로 시행하며, 연이율 0.8%의 '관악구 중소기업 육성기금'은 30억원 규모로 편성한다.    구는 올해 1만1천개의 일자리를 창출한다는 목표를 세웠다. 고용 취약계층을 위한 맞춤형 공공일자리 7천100여개를 만들고 양질의 장기일자리를 창출하기 위해 '일자리행복주식회사' 설립을 추진한다.    앞으로 4년간 혁신·상생·포용 일자리 4만5천개를 창출하고 2026년 고용률 65%를 달성하기 위한 '민선8기 일자리대책 종합계획'도 수립했다.    박준희 관악구청장은 ""주민이 체감할 수 있는 경제·일자리 정책으로 삶과 행복지수를 높여나가겠다""고 말했다.    bryoon@yna.co.kr
]"
"[신진오 신임 벤처창업학회장 ""벤처·스타트업과 학계 가교역할""]",https://n.news.naver.com/mnews/article/008/0004844471?sid=101,"[




한국벤처창업학회 16대 학회장에 취임한 신진오 와이앤아처 대표 한국벤처창업학회는 2023년도 제16대 학회장에 신진오 와이앤아처 대표가 취임했다고 27일 밝혔다. 신진오 신임 학회장은 삼성증권을 시작으로 KB증권, 호서대 사업기획단장, 서울과학기술대학교 겸임교수, 한국벤처창업학회 부회장 등을 거쳐 현재 한국액셀러레이터 3대 협회장을 수행하며 벤처캐피탈(VC)과 액셀러레이터(AC) 영역에 정통한 인물로 꼽힌다. 2006년 설립된 한국벤처창업학회는 스타트업, 기업가정신, 지역 혁신과 개발 등과 관련된 이론, 정책, 실무, 제도에 관한 학술연구와 이의 확산 및 발전에 기여하고 있다. 총 회원수 1872명으로 학계 1707명(교수 980명 포함), 산업계 155명, 공공기관 10명으로 구성돼 있다. 한국연구재단 등재학술지인 '벤처창업연구'를 연 6회 발간한다. 벤처창업연구는 한국연구재단에서 발표한 벤처창업연구 사회과학 경영학 부문 인용지수가 지난 5년 누적 1위를 차지하는 등 높은 수준을 유지하고 있다. 신진오 학회장은 ""글로벌 경기침체로 스타트업 시장도 얼어붙어 있지만 이런 때일수록 스타트업의 향후 방향성에 대한 학술연구가 중요해졌다""며 ""앞으로 학계와 산업계를 연결해 연구결과가 산업에 적용될 수 있도록 가교역할을 하겠다""고 했다. [머니투데이 스타트업 미디어 플랫폼 '유니콘팩토리']
]"
[창업 청년 50명 모집합니다! … 경북창업사관학교],https://n.news.naver.com/mnews/article/277/0005210194?sid=102,"[
			 중소벤처기업 진흥공단 대구경북연수원은 청년 창업자 육성을 위해 ‘2023년 경북청년창업 사관학교’ 입교생 50명을 2월 6일까지 모집한다.청년창업사관학교는 유망 창업 아이템과 혁신기술을 보유한 우수 청년 창업자를 발굴해 입주공간 제공, 교육·코칭, 사업화 자금 지원 등 창업 전 단계를 패키지로 지원하는 사업이다.



중소벤처기업진흥공단 대구경북연수원2011년부터 운영하는 청년창업사관학교는 전국 18개 지역에서 현재까지 6741명의 청년 창업가를 배출했으며, 청년창업사관학교 출신 청년창업가들은 최근 5년간 3조 6818억원의 누적 매출 성과와 1만7150명의 신규 일자리를 창출했다.또 ‘토스’, ‘직방’과 같은 유니콘 기업을 배출하는 등 대한민국 청년 기술창업의 대표 양성소로 자리매김하고 있다.경북청년창업사관학교의 신청 자격은 만 39세 이하 창업 3년 이내 창업기업의 대표자를 대상으로 하며, 2월 6일 오후 2시까지 케이(K)-스타트업 누리집을 통해 신청할 수 있다.
]"
"[함양군, 체류형 농업창업지원센터 입교생 추가모집]",https://n.news.naver.com/mnews/article/003/0011660815?sid=102,"[
기사내용 요약2월10일까지 30세대 모집…안정적인 농촌정착 지원



[함양=뉴시스] 함양군 체류형 농업창업지원센터. *재판매 및 DB 금지[함양=뉴시스] 정경규 기자 = 경남 함양군은 오는 2월10일까지 체류형 농업창업지원센터 입교생 30세대를 추가 모집한다고 27일 밝혔다.체류형 농업창업지원센터는 지난 2018년부터 운영중으로 농업창업을 희망하는 도시민에게 체류공간을 제공하고 영농교육 과정을 수료한 후 안정적인 농촌정착을 돕고 있다.센터는 교육과 주거의 복합 시설로 체류형 주택 30세대(20평형 20세대, 15평형 10세대)와 교육관, 텃밭, 공동실습 농장 등의 시설이 완비돼 있어 귀농생활을 미리 경험하는 시간을 통해 보다 계획적이고 안정적인 정착을 지원한다. 신청 대상은 입교를 희망하는 도시민으로 농촌정착 예정자이고, 모집공고일 기준으로 주민등록상 주소가 농어촌(읍면) 이외의 도시지역에 1년 이상 되어있으면서 농업 외 다른 직종에 종사하고 있는 경우 누구나 신청 가능하다. 센터는 만 20세 이상부터 49세 이하의 경우 입소정원의 30%, 북한이탈주민(새터민) 경우 입소정원의 10%를 우대 선정한다. 교육생 숙소는 20세대를 모집하는 20평형(66㎡)의 경우 보증금 1년 76만5000원·교육비 월 25만5000원이며, 10세대 모집의 15평형(49.5㎡)는 보증금 57만6000원에 교육비 19만2000원이다. 개별 텃밭 분양면적은 입교 후 조정할 예정이다.기타 자세한 사항은 군 홈페이지 모집공고를 참고해 입교신청서와 농업창업계획서 등 신청서류와 주민등록등·초본, 가족관계증명서, 토지대장, 귀농교육 수료증 등 관련 증빙서류를 농업기술센터 농축산과로 방문 접수하면 된다.
]"
"[[자막뉴스] 남양유업 창업주 손자, 주거지 주차장에서 무슨 일이?]",https://n.news.naver.com/mnews/article/052/0001841968?sid=102,"[
			영상에 나오는 곳은 제주도입니다.3인조 그룹 멤버인 미국 국적 가수 안 모 씨의 집 옆에 있는 감귤밭인데요.수사관들이 감귤나무 사이에 심은 대마 나무들을 여기저기서 발견합니다.집엔 아예 대마 재배 장비까지 갖춰놨습니다.미성년 자녀들이 함께 지내고 있는데도 버젓이 대마를 피우고 키우기까지 한 겁니다.재벌가 3세들도 잇따라 적발됐습니다.주차장에 세워진 차량에 한 남성이 타는데요.바로 남양유업 창업주 손자인 홍 모 씨입니다.차 안에서 대마를 거래하고 나오는 모습이 CCTV에 포착된 겁니다.홍 씨는 주변에 대마를 유통하거나 소지한 혐의를 받습니다.홍 씨로부터 대마를 사들인 혐의로 범 효성가 3세 조 모 씨와 금융지주사 일가 임 모 씨 역시 덜미를 잡혔습니다.함께 적발된 한 중견건설업체 회장 아들은 임신 중인 아내를 데리고 해외로 태교여행을 갔다가 현지에서 대마를 구해 피운 사실이 드러났습니다. 검찰 조사 결과 이들 대부분은 해외 유학 시절 대마를 접한 뒤, 귀국 후에도 끊지 못하고 상습적으로 흡연해온 거로 파악됐습니다.수사 관계자의 말 직접 들어보겠습니다.[신준호 / 서울중앙지검 강력범죄수사부장 : 일부 재벌과 중견기업 2·3세, 전 고위공직자 자녀, 사업가, 유학생, 연예계 종사자들이 자신들만의 공급 선을 두고 은밀하게 대마를 유통·흡연해온 전모를 밝혀 구속수사 등으로 엄단했습니다.]검찰은 대마를 유통하거나 흡연한 혐의로 남양유업 창업주 손자 홍 씨 등 17명을 기소하고, 해외로 도주한 한일합섬 창업주 손자 김 모 씨 등 세 명은 지명수배했습니다.지금까지 서울중앙지검에서 YTN 임성호입니다.
		]"
"[도요타 창업자 4세 도요다 아키오, 14년 만에 회장 취임]",https://n.news.naver.com/mnews/article/016/0002095416?sid=104,"[




[AP][헤럴드경제=이민경 기자] 도요다 아키오(66·사진) 일본 도요타자동차 사장이 오는 4월 사장 취임 14년 만에 회장직에 오른다.27일 니혼게이자이신문(닛케이) 등 현지 언론에 따르면 도요타자동차는 4월 1일 도요다 사장이 대표권이 있는 회장으로 취임한다고 발표했다.후임 사장으로는 1992년 도요타에 입사해 코롤라와 프리우스 등의 부품 개발에 종사해 온 사토 고지(53) 집행임원이 임명됐다.도요다 신임 회장은 이날 온라인 회견에서 “도요타의 변혁을 더욱 추진하기 위해 내가 회장이 돼 신임 사장을 지원하는 형태가 가장 좋다고 생각해 이번 결론에 이르렀다”고 인사 배경을 설명했다.현지 방송 NHK는 “도요다 사장이 대표권이 있는 회장으로서 계속 경영을 맡을 것으로 보인다""고 전했다.도요다 신임 회장은 도요타자동차를 창업한 도요다 기이치로 전 회장의 증손자로 지난 2009년 6월 14년 만에 창업가 출신으로 사장에 취임했다.그는 앞서 2000년 44살의 나이에 이사로 발탁된 뒤 2002년 상무, 2003년 전무를 거쳐 2005년 부사장으로 초고속 승진했다.도요타가 리먼브러더스 파산 쇼크로 직격탄을 맞으며 2008년 회계연도에 연결 기준 4610억엔(약 4조4000억원)의 영업손실을 기록하며 위기에 빠지자 창업가 출신으로 사장으로 나섰다.사장 취임 이듬해인 2010년에는 미국에서 도요타자동차 대량 리콜 문제로 미 의회 공청회에 참석했으며 2011년 동일본대지진으로 공장에 큰 피해를 보는 어려움을 겪었다.이후 대대적인 조직 개편 등으로 도요타를 다시 일으켜 세웠다. 도요타는 2020년 5년 만에 세계 자동차 판매 대수 1위에 복귀한 이후 작년까지 3년 연속 1위를 유지했다.닛케이는 “코로나19 대응에서 최악의 시기를 벗어났다고 판단해 도요다 사장이 회장으로 창업가의 구심력을 유지하며 사장 자리를 인계하는 것”이라고 분석했다.
]"
[세종대 서소현씨 '경기창업경진대회' 최우수상 수상],https://n.news.naver.com/mnews/article/003/0011657443?sid=102,"[
기사내용 요약서소현 학생, 경로 기반 출퇴근 카풀 서비스 '올라타(Ollata)' 발표'경기 지역 유니콘 기업을 찾아라' 주제로 진행



세종대 영어영문학과 서소현(오른쪽) 학생. 사진 세종대 *재판매 및 DB 금지[서울=뉴시스]허서우 인턴 기자 = 세종대는 영어영문학과 서소현 학생이 경기지방중소벤처기업청 등 6개 기관이 공동 주최한 '2022 경기창업경진대회' 예비창업부문에서 최우수상을 받았다고 25일 밝혔다.이번 대회는 경기 지역 내 창업 열기 확산과 청년창업 붐을 조성하기 위해 개최됐다.대회는 '경기 지역 유니콘 기업을 찾아라'를 주제로 지역 대학생과 스타트업을 대상으로 진행됐다. 서소현 학생은 경로 기반 출퇴근 정기 카풀 서비스 '올라타(Ollata)'를 발표해 최우수상 수상의 영예를 안았다. '올라타'는 서로의 통근길을 지도에서 공유하고 하나의 경로에 많은 동승자가 모일수록 가격은 더욱 저렴해지는 공유경제 모델이다. 사용자의 거주지를 기반으로 출퇴근 경로가 유사한 사람들끼리 소통할 수 있는 지역 커뮤니티 환경을 먼저 조성하고, 지도에서 다른 사용자들의 출퇴근 경로를 확인할 수 있는 것을 차별점으로 내세워 심사위원들로부터 호평받았다.
]"
"[프랭크버거, 수제버거 창업 성공 노하우는 … 최단시간 550호점 돌파]",https://n.news.naver.com/mnews/article/417/0000890321?sid=101,"[




 ""프랜차이즈사업만 10년, 10년의 업력이 대신 말해주듯 프랭크버거만의 검증된 체계적인 본사 시스템이 지금의 '성공창업' 이라는 타이틀에 걸맞는 프랭크버거가 되었습니다""하루, 한달, 매년 새로운 기록을 갱신하고 있는 프랭크버거 가맹사업 시작이후 경기침체, 경제불황 시기에도 3년만에 550호점 가맹점 돌파를 기록하며 블루오션 창업아이템으로 검증받고 있다. 프랭크버거 프랜차이즈창업이 성공할 수 있었던 이유로 전반적인 창업의 모든 컨설팅을 통해 운영,조리교육을 진행하고, 수제버거의 핵심 수제패티 본사 자체생산 및 관리와 유통한다. 또 프랜차이즈 가맹본부의 본사 슈퍼바이저 지원 공격적 마케팅 전략을 지원해 준다. 안정적인 매출이 나오는지, 본사의 사후관리는 어떠한지, 수제버거 전문 프랜차이즈창업을 고민중이시라면 주저없이 전국 프랭크버거 매장을 직접 살펴보라고 전했다. 프랭크버거 관계자는 ""프랜차이즈창업에 있어서 다점포 운영 증가는 본사의 꾸준한 지원과 사후관리가 되지 않는다면 어려운 일이다""라며 ""가족간의 다점포 매장운영은 물론 한명의 점주가 4개의 매장을 운영하는 등의 결과는 점주와 본사 사이의 높은 신뢰로 여러 매장의 프랜차이즈창업을 해도 믿을 수 있다는것을 의미한다""고 말했다. 
]"
"[도요타 창업주 손자 아키오 사장, 4월 회장 취임]",https://n.news.naver.com/mnews/article/015/0004803501?sid=104,"[




사진=AP도요다 아키오 일본 도요타 사장(사진)이 오는 4월 회장직에 오른다. 2009년 도요타가 리콜 사태로 위기에 빠졌을 때 창업주의 자손으로서 경영에 뛰어든 지 14년 만이다.26일 도요타는 오는 4월 1일자로 아키오 사장을 도요타 대표이사 회장으로 선임한다고 발표했다. 아키오 사장은 도요타 이사회 회장직에도 오른다. 후임 사장으로는 사토 고지 도요타 집행임원이 임명됐다.닛케이는 “아키오 사장이 최근 경영 과제였던 코로나19 대응에 있어 최악의 상황을 벗어났다고 판단한 것으로 보인다”며 “사장직을 인계하되 구심력을 유지할 것”이라고 분석했다.아키오 사장은 도요타 창업주인 도요다 기이치로의 손자다. 1984년 입사해 2009년 사장으로 취임했다. 창업주 가문 출신이 최고경영자(CEO)에 오른 것은 14년 만이다. 2008년 리먼 사태, 2009년 대규모 리콜 사태를 겪으며 위기에 빠진 도요타를 구했다는 평가다.도요타는 2020년 5년 만에 자동차 판매량 기준 세계 1위에 복귀한 이후 지난해까지 3년째 1위를 지키고 있다. 최근 2023회계연도(2023년 4월∼2024년 3월)에 세계 기준 1060만대의 신차를 생산하겠다는 계획을 발표했다. 다만 아키오 사장은 전기차 사업에 소극적이라는 비판도 받는다.후임자인 사토 집행임원은 도요타 최고브랜딩책임자(CBO)로 렉서스 사업부인 렉서스인터내셔널 사장을 맡아왔다. 와세다대 기계공학과를 졸업한 뒤 1992년 도요타에 엔지니어로 입사해 30년째 도요타에서 일한 ‘도요타맨’이다.
]"
[하동군 ‘청년 창업 렌터카 임차비’ 50% 지원],https://n.news.naver.com/mnews/article/056/0011417555?sid=101,"[
[KBS 창원]하동군이 전국에서 처음으로 교통이 열악한 지역 청년들의 이동권을 보장하기 위해 렌터카 임차비용을 지원합니다.지원 대상은 하동에 주소를 둔 19살에서 45살 청년으로, 취업과 창업 목적으로 차를 빌리면 임차료의 50%, 한 달에 최대 40만 원까지 지원 받을 수 있습니다.
]"
"[이영 장관…""중동·다보스포럼서 K 스타트업 우수성 확인…창업대국 총력""]",https://n.news.naver.com/mnews/article/421/0006596843?sid=101,"[
코리아스타트업포럼 신년회 방문



이영 중소벤처기업부 장관.  2023.1.26/뉴스1 ⓒ News1 김명섭 기자(서울=뉴스1) 김예원 기자 = 중소벤처기업부는 이영 중기부 장관이 서울 강남구 드림플러스에서 열린 코리아스타트업포럼 신년회에 참석했다고 26일 밝혔다.이날 이 장관은 현장을 방문해 글로벌 창업대국 건설에 강력한 정책 의지를 표명했다. 이 장관은 ""CES·중동 순방·다보스 회의 등에서 K-스타트업 우수성과 혁신성을 다시 한번 확인했다""면서 ""글로벌 창업대국 건설에 총력을 다해 복합위기를 극복하겠다""고 말했다. 한편 코리아스타트업포럼은 국내 최대 규모의 스타트업 단체로, 지난해 말 기준 2050개사가 가입돼 있다.
		]"
"[코트라 ""해외진출 韓스타트업 절반이 처음부터 해외서 창업""]",https://n.news.naver.com/mnews/article/001/0013717267?sid=101,"[
259개사 진출 현황 조사…'본글로벌' 스타트업 꾸준히 늘어



스타트업 기업(PG)[제작 이태호]    (서울=연합뉴스) 권희원 기자 = 현재 해외에 진출해 있는 우리나라 스타트업의 절반은 처음부터 해외에서 창업한 회사인 것으로 나타났다.    대한무역투자진흥공사(코트라)는 지난달 북미, 아시아, 유럽 지역 29개국의 해외 진출 스타트업 259개사를 대상으로 현황 조사를 한 결과 이같이 분석됐다고 25일 밝혔다.    처음부터 해외에서 창업한 '본 글로벌'(Born Global) 스타트업의 비중은 매년 늘어나고 있는 것으로 조사됐다. 2020년 37%에서 2021년 46%, 지난해에는 51%(132개사)까지 늘어 절반가량을 차지했다.    해외 진출 스타트업 중 지난해 신규 창업한 곳은 26개사였고, 이 중 절반이 한국에 모기업이 없는 본 글로벌 스타트업이었다.    국내 스타트업이 가장 많이 진출하는 지역은 미국 실리콘밸리인 것으로 나타났다.    북미 진출 스타트업(36.7%) 중 48.4%가 실리콘밸리에 소재하고 있었고, 중국(19.7%), 동남아(15.4%), 유럽(10.8%) 등이 뒤를 이었다.    다만 북미 진출 스타트업의 비중은 2020년 이후 감소세를 보였다.    진출 분야는 인공지능(8.9%), 라이프스타일(8.1%), 모바일(7.7%), 게임·엔터테인먼트(7.3%) 등으로 다양한 분야에 고르게 분포됐다.    해외 진출 스타트업의 70%는 성장 초기 단계(시리즈 A)였고, 직원 수가 10명 이하인 곳이 64%였다.    연 매출은 100만달러(한화 약 12억원) 이상이 25%로 가장 많았고, 1만달러(1천200만원) 이하가 18%를 차지해 아령형 분포를 나타냈다.    해외 진출 방식은 단독 투자가 76.5%로 가장 많았고, 해외 기업과의 합작투자가 8.1%, 해외지사를 본사로 전환하는 '플립'이 5.0%였다.    지난해 해외 투자 유치에 성공한 스타트업은 6개사였다.    hee1@yna.co.kr
]"
"[메인콘텐츠, '한국글로벌셰프 고등학교' 창업캠프 성료]",https://n.news.naver.com/mnews/article/008/0004844564?sid=101,"[
			창업진로교육 전문 기업인 메인콘텐츠(대표 임한규, 김태성)가 '한국글로벌셰프 고등학교' 학생들을 대상으로 창업캠프를 진행했다고 밝혔다.



사진제공=메인콘텐츠이번 캠프는 한국글로벌셰프 고등학교 2학년 학생들을 대상으로 진행됐으며 한국형 창업 교육기업 메인콘텐츠의 교육 커리큘럼에 따라 기업가정신, 창조적 파괴 아이디어 발상 및 아이디어 차별화, 네이밍과 로고 만들기 실습 과정을 진행해 사업계획서를 작성했다.메인콘텐츠에 따르면 본 프로그램은 혁신적 창업역량과 문제해결력을 향상시키는 데 의의를 두며 아직 진로를 결정하지 못한 청소년들에게 잠재력을 일깨기 위해 구성됐다. 미래 세상에 필요한 아이디어를 발굴해 실현하는 잠재력과 기업가 정신 함양에 도움을 준다.교육을 맡은 메인콘텐츠 최동혁 강사는 ""기업가 정신을 햠양시켜 줄 수 있는 제일 좋은 방법이 창업 교육""이라며 ""이번 창업캠프를 통해 학생들이 자신의 삶과 진로를 설계, 관리할 수 있는 역량을 강화하는 자리가 되었을 것""이라고 전했다.한편 메인콘텐츠에서는 학생들이 진로방향을 다양하게 모색할 수 있는 맞춤형 교육 콘텐츠를 만들어 보급할 예정이다.
]"
[보은군 청년기본계획 확정…창업공간 조성 등 46개 사업],https://n.news.naver.com/mnews/article/001/0013716756?sid=102,"[
			(보은=연합뉴스) 변우열 기자 = 충북 보은군은 앞으로 5년간 추진할 청년정책 로드맵인 '2023∼2027 청년정책 기본계획'을 확정했다고 25일 밝혔다.



보은청년네크워크[보은군 제공. 재판매 및 DB금지]보은군은 '청년의 꿈과 희망이 살아있는 도시형 농촌 보은건설'이라는 비전을 실현하기 위해 4개 분야 46개 사업을 추진하기로 했다.    일자리 분야는 창업 공간 조성, 기업·청년 간 매치 메이킹, 지역 혁신 청년 정착 일자리 마련 등 16개 사업, 주거·생활 분야는 보금자리 조성, 신혼부부 주거자금 대출이자 지원, 중고생 학습 증진 등 18개 사업을 추진한다.    문화·여가 분야는 문화공간 조성, 청년 동아리 지원 등 5개 사업, 교육 참여와 활동 분야는 각종 위원회 청년 참여 확대, 청년공동체 활성화 사업, 청년 네트워크 구성·운영 등 7개 사업을 펼치기로 했다.    또 올해 두 차례 청년들이 기획하고 추진하는 '청년 어울림한마당'을 개최할 예정이다.    오는 4월에 열 첫 번째 한마당은 보청천 벚꽃길 일원에서 프리마켓, 버스킹, 동아리공연 등 청년들이 어울리며 즐길 수 있는 다양한 프로그램을 운영한다. 9월에는 청년정책 성과보고회 등을 통해 청년들의 생각을 알아보는 시간을 가질 예정이다.    군 관계자는 ""청년정책 기본계획은 저출산·고령화로 인구소멸 위기에 처해있는 지역에 활력을 불어넣는 데 초점을 맞춰 기획했다""고 말했다.    bwy@yna.co.kr
]"
"[MB에 전화 건 尹대통령 ""UAE 성과 이어가겠다…역할 해달라""]",https://n.news.naver.com/mnews/article/001/0013723897,"[
조만간 'UAE 300억불 투자' 윤곽…'미래 먹거리' 과학기술 현장방문도



법무부·공정위·법제처 업무보고 참석한 윤석열 대통령(서울=연합뉴스) 임헌정 기자 = 윤석열 대통령이 26일 청와대 영빈관에서 열린 법무부·공정위·법제처 등에 대한 업무보고에서 발언하고 있다. 2023.1.26 kane@yna.co.kr(서울=연합뉴스) 한지훈 기자 = 윤석열 대통령이 최근 이명박(MB) 전 대통령과 전화 통화를 하고 '아랍에미리트(UAE) 국빈 방문'의 경제외교 성과를 공유한 것으로 알려졌다.    윤 대통령은 '300억 달러 투자 약속'을 이끌어낸 성과를 이어가겠다고 강조하며, UAE 측과 친분이 두터운 이 전 대통령의 지속적인 관심과 역할도 당부한 것으로 전해졌다.    대통령실 관계자는 29일 연합뉴스와 통화에서 ""윤 대통령이 지난주 이 전 대통령에게 전화를 걸어 순방과 관련한 환담을 했다""고 말했다.    앞서 김대기 대통령 비서실장은 지난해 12월 대통령 특사로 UAE를 방문해 윤 대통령뿐 아니라 이 전 대통령의 친서도 전달한 것으로 알려졌다.    이후 무함마드 빈 자이드 알 나흐얀 UAE 대통령은 윤 대통령을 만나 이 전 대통령이 건강한지 물으며 안부를 전해달라고 부탁했다고 한다.    일각에서는 윤 대통령이 이 전 대통령 부부를 한남동 관저로 초대해 식사를 함께하며 '제2의 중동붐'에 관해 의견을 나눌 수 있다는 전망도 나온다.    이와 관련, 이 전 대통령 측 관계자는 통화에서 ""UAE 측과 소통하는 창구가 계속 열려 있다""면서도 ""아직 자유롭게 외출할 수 있을 정도로 건강이 회복되지 않았다""고 했다.    한편, 윤 대통령은 이번 주에도 순방 성과를 이어가기 위해 총력을 기울인다. 이 전 대통령과의 소통도 그런 차원에서 이뤄진 측면이 커 보인다.    연초 노동·교육·연금개혁 등 3대 개혁에 드라이브를 걸던 것과 별도로 글로벌 복합 위기를 돌파하기 위해 수출 증진과 투자 유치에 주력할 분위기다.    조만간 수출전략회의를 주재하며 순방 성과를 점검하기로 한 것이 대표적이다.    이번 회의에서는 UAE 국부펀드의 300억 달러가 원전, 방산, 에너지 등 국내 어느 분야에 투자될지 개략적인 윤곽이 드러날 가능성이 있다.    아울러 중동 자본이 한국 기업 지분을 사들이는 데 있어 국제 기준에 부합하지 않는 제도는 없는지 등 검토도 이뤄질 전망이다.    윤 대통령은 지난 25일 국무회의에서 '한-UAE 투자 협력 플랫폼' 구축을 지시한 데 이어 이튿날 업무보고에서 ""외국인 투자 기업의 국내 투자에 지장이 되는 제도는 바꿔줘야 한다""고 주문한 바 있다.    대통령실 관계자는 통화에서 ""곧 어음이 아닌 현금으로 300억 달러가 들어오게 된다""며 ""윤 대통령은 우리가 그 전에 글로벌 스탠다드로 무장돼 있어야 한다는 생각이 강하다""고 말했다.    과학기술 현장을 찾는 방안도 검토되는 것으로 알려졌다.    지난 19일 스위스 순방 중 취리히 연방공과대학을 방문해 양자기술 석학들과 대화하며 미래 먹거리를 위한 과학기술 지원을 강조한 것의 연장선이다.    hanjh@yna.co.kr
]"
"[경남도 ""지스트롱 혁신창업펀드, 성공적 투자 완료""]",https://n.news.naver.com/mnews/article/003/0011655824?sid=102,"[
기사내용 요약2020년 11월 50억여 원 조성…투자 21개사 중 11개사 경남킥더허들, 총 146억 원 투자유치…매년 매출액 3배씩 증가신선식품몰 미스터아빠, 중기부 '아기유니콘' 선정 등 성과



[창원=뉴시스] 홍정명 기자 = 경남도는 2020년 11월 도내 최초로 조성한 50억여 원 규모의 '지스트롱 혁신창업펀드' 투자가 결성 2년여 만인 올해 성공적으로 완료됐다고 24일 밝혔다.'지스트롱 혁신창업펀드'는 경남 주력산업인 제조업 위기 극복과 전국 최하위 수준의 창업 인프라 및 투자생태계 조성을 위해 경남도 주도로 결성된 펀드다.경남도는 예산 확보, 창업기획자의 역량 강화 지원 등 철저한 사전 준비 끝에 중소벤처기업부가 출자하는 한국모태펀드의 정부 정책자금 30억 원 유치에 성공했고, 이를 토대로 2020년 11월 50억여 원 규모의 '지스트롱 혁신창업펀드'를 결성했다경남도가 펀드 주요 출자자로 참여하고, 지역 창업지원기관인 경남창조경제혁신센터와 경남 소재 창업기획자(액셀러레이터)인 ㈜시리즈벤처스가 공동운용사로서 초기 창업기업에 투자했다.이 펀드의 투자 대상은 지방에 소재한 업력 3년 이내 창업 초기기업 또는 연간 매출액 20억 원 이하의 기업이다.펀드 결성 이후 공동운용사의 적극적인 기업 발굴과 투자로 3년의 투자기간은 2년으로 단축했고, 코로나19 장기화 등으로 어려운 지역 기업의 자금난 해소와 성장에 큰 도움을 주었다.전체 투자기업 21개사 중 절반 이상인 11개사가 경남 소재 기업으로, 지역 창업생태계 조성에 기여하고 있다는 평가를 받고 있다.경남 소재 투자기업 중 킥더허들, 미스터아빠, 크리스티컴퍼니 등 10개사는 300억 원의 후속투자를 유치했으며, 투자 당시 총 1000억 원이었던 기업가치가 현재 약 3000억 원으로 3배가량 상승했다.특히, 디지털 헬스케어 전문업체 킥더허들은 매년 매출액이 300% 이상 증가하고, 누적 투자액 146억 원을 달성했다.온오프라인 통합 신선 식품몰을 운영하는 미스터아빠는 2020년 6월 설립 이후 2년간 연평균 900% 매출 증가와 지난해 중소벤처기업부 주관 '아기유니콘 200 육성사업'에 선정되기도 했다.경남도는 지난해 벤처투자펀드에 출자하기 위한 전용기금 '경상남도 중소기업투자기금'을 설치하고, 초기 창업기업의 자금 지원을 위해 200억 원 규모 펀드를 추가로 조성했다.이재훈 경남도 창업지원단장은 ""경남의 창업가들이 초기뿐만 아니라 성장을 해나가는 과정에서 투자를 받기 위해 수도권으로 빠져나가는 이른바 '수도권 블랙홀' 현상을 막기 위해 기금 규모를 확대해 전략산업별 펀드 조성과 도약·성장 단계의 대규모 펀드도 조성할 계획으로 있다""고 밝혔다.
]"
[[녹색] 농식품 벤처육성지원 대상 기업·예비창업자 모집],https://n.news.naver.com/mnews/article/052/0001841962?sid=102,"[
			한국농업기술진흥원이 올해 농식품 벤처육성지원사업에 참여할 기업과 예비창업자를 모집합니다.농식품 벤처육성지원사업은 농식품과 농산업 분야 예비 창업자와 창업기업을 지원하는 것으로 올해는 역대 최대 규모인 174개 사를 선정해 175억 원을 지원합니다.선정된 예비 창업자와 기업에는 천만 원에서 최대 4억 원까지 지원하고 전문가 컨설팅과 투자유치, 판로확보 등도 지원합니다.※ '당신의 제보가 뉴스가 됩니다'[카카오톡] YTN 검색해 채널 추가[전화] 02-398-8585[메일] social@ytn.co.kr
		]"
[내일 범부처 창업경진대회 '도전! K-스타트업 2023' 시작],https://n.news.naver.com/mnews/article/001/0013717488?sid=101,"[




'K-스타트업 2022 왕중왕전' 참석한 이영 장관(서울=연합뉴스) 이영 중소벤처기업부 장관이 24일 서울 중구 동대문디자인플라자(DDP)에서 열린 '도전 K-스타트업 2022 왕중왕전'에서 에코텍트(오른쪽)에 예비창업리그 대상인 국무총리상을 수여하고 기념촬영을 하고 있다. 2022.11.24 [중소벤처기업부 제공. 재판매 및 DB 금지] photo@yna.co.kr(서울=연합뉴스) 박상돈 기자 = 중소벤처기업부는 교육부·과학기술정보통신부 등과 함께 11개 부처가 협업해 개최하는 국내 최대 규모의 창업경진대회인 '도전! K-스타트업 2023'을 오는 26일 통합공고를 필두로 시작한다고 25일 밝혔다.    오는 8월까지 부처별 예선리그가 진행되며 이후 200개팀의 통합본선을 거쳐 왕중왕전에 진출할 30개팀을 가리게 된다. 오는 10월 왕중왕전에서 올해 최고의 창업기업 10개사와 예비창업자 10개팀을 선정해 상금 15억원과 대통령상·국무총리상 등을 시상한다.    올해는 기존의 업력 7년 이내 창업기업에서 업력 3년 이내 초기 창업기업(예비창업자 포함)으로 참가 자격이 강화되고 투자 유치 실적도 기존 누적 50억원 이내에서 누적 30억원 이내로 제한된다.    또 종전에 10개 리그였던 예선리그는 11개로 확대된다. 공공연구 성과 기반 기술창업 활성화를 위해 과기부 주관의 연구자리그가 신설·운영된다.     도전! K-스타트업은 2016년 중기부, 교육부, 과기부, 국방부 등 4개 부처 협업으로 시작한 이래 점진적으로 확대돼 매년 평균 5천여개팀 이상이 참가한다.    kaka@yna.co.kr
]"
[창업한 기업만 6곳…반도체 명가 中 '다이 가문'],https://n.news.naver.com/mnews/article/009/0005080156?sid=101,"[
'마벨' 세운 막내 다이웨이리성공 자극받아 오빠들도 창업반도체 업계서 존재감 과시반도체 설계 기업 마벨테크놀로지그룹을 공동 창업한 다이웨이리는 실리콘밸리 '중국 반도체 삼남매' 중 막내다. 오빠인 다이웨이민과 다이웨이진 모두 반도체 기업을 창업했다. 삼남매는 1980년대에 가족을 따라 미국 유학길에 올랐다. 공교롭게 모두 UC버클리에서 컴퓨터학을 전공했다. 이후 장남 웨이민은 박사 학위 과정까지 밟고 UC샌타크루즈대 교수로 사회생활을 시작했다. 반면 차남 웨이진은 석사 과정을 마친 뒤 평범하게 직장에 다녔다.학력은 장남 웨이민이 가장 높았지만 창업은 막내 웨이리가 빨랐다.웨이리는 1995년 남편과 함께 반도체 설계 기업인 마벨을 설립했다. 남편과 식탁에 앉아 창업 아이디어를 냈고 사무실은 거실로 정했다. 마벨이 무섭게 성장할 수 있었던 배경에는 '아무도 걷지 않는 길을 걷겠다'는 부부의 철학이 있었다. 마벨은 수많은 반도체 설계 기업의 경쟁을 뚫고 2010년대 들어 급부상한 스마트폰용 반도체 시장을 장악했다. 한때 마벨의 3G 반도체 칩은 시장점유율이 90%에 달했다. 이후 부부는 드림빅세미컨덕터라는 데이터처리장치(DPU) 반도체 업체를 창업해 시선을 끌었다.또 두 부부는 아들 닉 수타르자와 함께 데인저디바이스라는 무선 네트워크 반도체 설계 기업을 공동 창업했다. 웨이리는 ""닉이 서던캘리포니아대에서 박사 학위를 받은 한국인 하이디 정과 결혼해 얼마 전 귀여운 손녀 엘리너를 낳았다""면서 ""손녀의 절반은 한국인""이라고 말했다.동생에게 자극을 받은 차남 웨이진은 실리콘퍼스펙티브라는 반도체 설계용 도구 기업을 설립했다. 웨이진은 2001년 미국 케이던스에 실리콘퍼스펙티브를 5억달러에 매각한다. 하지만 멈춰 서지 않았다. 그는 이후 그래픽처리장치(GPU) 기업인 비반테테크놀로지를 다시 창업했다.창업은 장남 웨이민이 가장 늦었다. 동생들에게서 영감을 받은 그는 2001년 중국으로 귀국했다. 그가 중국에서 설립한 반도체 설계 업체가 베리실리콘이다. 베리실리콘은 이후 비반테테크놀로지를 2016년 인수해 시선을 끌었다. 현재 비반테테크놀로지는 GPU는 물론 사물인터넷(IoT) 애플리케이션, 자동차 반도체, 영상 이미지 프로세서 등 다양한 반도체 칩을 설계하고 있다.
]"
"[유통업계, 창업주 경영 복귀 바람…""좋거나 혹은 나쁘거나""]",https://n.news.naver.com/mnews/article/031/0000724658?sid=101,"[
골든블루·교촌·한국콜마·농심 등 잇단 오너 복귀그 동안 전문경영인 체제로 운영됐던 일부 유통기업에 '왕의 귀환'이 이어지고 있다. 빠르게 변화하는 대·내외적 환경에 더욱 신속한 의사결정이 필요해졌다는 판단에 따른 행보로 풀이된다.



(왼쪽부터) 박용수 골든블루 회장, 권원강 교촌에프앤비 회장, 윤동한 한국콜마홀딩스 회장. [사진=각 사]26일 유통업계에 따르면, 박용수 골든블루 회장이 지난해 말 대표이사에 취임했다. 박 회장은 2011년 골든블루 인수 후 줄곧 회장직만을 유지해 왔지만, 최근 사업 환경 변화와 사위인 김동욱 전 대표이사의 건강상 문제 등으로 대표이사직과 회장직을 겸임하게 됐다.박 회장의 대표이사 취임은 다른 유통 기업들과 달리 부진한 경영실적이 원인은 아니다. 지난해 골든블루의 영업이익은 사상 최대치를 기록할 것으로 추정되기 때문이다.업계에서는 박용수 회장의 경영 일선 복귀가 2년 전 생긴 노조 때문이라는데 힘을 싣는다. 임금협상 타결이 어려운 상황에 놓이자 박 회장이 전면에 나섰다는 것이다. 골든블루 노조는 빠르면 이달 파업에 돌입할 예정이다.지난해 12월에는 치킨프랜차이즈 1위 기업인 교촌치킨의 권원강 회장도 경영 일선에 복귀했다. 권 회장은 2019년 '갑질사태'와 코스피 상장 등을 이유로 자리에서 물러났지만, 최근 어려워진 회사 상황에 3년 만에 복귀 결정을 내렸다.권원강 회장은 복귀 후 글로벌(Global), 소스(Sauce), 친환경(Eco), 플랫폼(Platform) 등 4가지 핵심 키워드를 제시하고, 올해 들어서는 대만의 대표 외식기업 라카파(La Kaffa) 인터내셔널 그룹과 마스터프랜차이즈(MF) 계약을 위한 양해각서(MOU)를 체결하는 등 해외 사업에도 속도를 내고 있다. 또 사업 다각화를 위해 전통주와 장류 시장 진출도 선언한 상황이다.윤동한 한국콜마홀딩스 회장도 최근 지주사 회장으로 복귀했다. 윤 회장 복귀 이후 한국콜마홀딩스는 ESG(환경·사회·지배구조) 경영에 집중하고 있다. 무궁화의 가치를 알리기 위한 '콜마 무궁화 역사문화관'을 개관했고, 바이옴 연구의 선구자인 프랭크 윌리엄 스코필드(한국명 석호필) 박사의 연구정신을 계승하기 위한 호랑이스코필드기념사업회와 '마이크로바이옴 기반 연구 및 사회공헌 활동'을 위한 MOU도 체결했다. 윤 회장은 구체적 사업 대신 ESG 경영에 힘을 쏟으며 기업 문화 변신을 꾀하고 있다.한국콜마홀딩스는 ""윤동한 회장 복귀 이후 진정성 있는 사회공헌 사업이 진행되고 있다""며 ""회사 임직원 전체에 사회공헌 가치가 전파되는 등 ESG경영 인식이 확대되고 있다""고 평가했다.또 농심 그룹의 3남인 신동익 부회장도 지난해 유통전문회사 메가마트 대표이사로 23년만에 복귀했다. 메가마트는 해외 신사업에 속도를 붙이고, 신 부회장이 책임경영에 나선다는 방침이다. 또 신 부회장은 호텔농심 대표이사에도 취임하며, 신종 코로나바이러스 감염증(코로나19)로 경영위기에 빠진 호텔 사업 살리기에도 나선 상황이다.유통업계 관계자는 ""창업주들이 악화된 경영 환경에 대응하기 위해 복귀를 서두르고 있는 것으로 보인다""며 ""창업주로서 빠른 의사 결단이 가능한 만큼 기업 경영에 도움이 될 것""이라고 말했다.
]"
[[3040 엔지니어]③ 이진하 스페이셜 공동창업자 “메타버스 본질은 커뮤니티… 기술발전 빨라져 곧 변곡점”],https://n.news.naver.com/mnews/article/366/0000872788?sid=105,"[
“AR·VR 전성기 반드시 온다… MR은 근접” “20대, 고정밀 그래픽·실사 아바타에 반응” “웹에서 간단히 구동… 국내 협업 논의 활발”



이진하 스페이셜 공동창업자 겸 최고제품책임자(CPO)가 지난 26일 조선비즈와 화상으로 인터뷰를 하고 있다. /스페이셜        메타버스를 둘러싼 정보기술(IT) 업계의 기대가 다시 커지고 있다. 1월 초 미국 라스베이거스에서 열린 세계 최대 가전·정보기술(IT) 박람회 CES 2023에는 사상 처음으로 메인 전시장에 메타버스 전용 공간이 등장했다. 블룸버그 등 외신에 따르면 애플도 올해 첫 혼합현실(MR) 헤드셋을 출시한다. 메타버스 플랫폼 대장주 격인 로블록스의 지난달 일간 활성 사용자 수는 6150만명으로 전년 동기(5210만명) 대비 18% 뛰었다.기세를 몰아 최근 미국, 태국에 이어 한국에 진출한 메타버스 플랫폼도 있다. ‘세계 최대 규모의 메타버스 갤러리’를 표방하는 스페이셜이다. 2017년 설립된 스페이셜은 보그, 엘르, 위블로, 크리스티 등 브랜드들과 협업하며 패션·예술 분야에서 영향력을 빠르게 확대하고 있다. 2020년 우버, 인스타그램 창업자를 비롯해 카카오벤처스, 삼성넥스트, LG테크놀로지벤처스 등으로부터 170억원 규모 시리즈A 투자를 유치한 이래 현재까지 600억원가량의 투자액을 모았다.이진하 스페이셜 공동창업자 겸 최고제품책임자(CPO)를 지난 26일 화상으로 만났다. 1987년생인 이 CPO는 경기과학고를 수석 졸업하고 일본 도쿄대에서 전자공학을 전공, 이후 매사추세츠공대(MIT) 건축학대학원 산하 미디어랩에서 예술·과학으로 석사 학위를 받았다. MIT 미디어랩 시절엔 모니터에 손을 넣어 조작할 수 있는 컴퓨터 스페이스탑(SpaceTop), 만질 수 있는 3차원(3D) 픽셀 제론(ZeroN)을 개발해 일약 스타덤에 올랐다. 국내에서는 28세의 나이에 삼성전자 영상디스플레이사업부 인터랙션그룹을 설립, 최연소 수석연구원과 그룹장을 역임했다.이 CPO는 실리콘밸리가 코로나19 팬데믹(감염병의 대유행) 이후에도 메타버스의 성장 잠재력을 높이 평가하는 이유를 ‘소속의 욕구’에서 찾았다. 그는 “메타버스 출현의 저변에는 무리를 지어 소통하고 관계를 맺고자 하는 인간의 본능이 있다”며 “이제까지는 기술의 한계로 이 본능을 온라인 세계에서 실감 나는 형태로 구현하지 못했지만, 정말 머지않은 미래에 가능해질 것이란 전망이 우세해지고 있다”고 했다.다음은 이 CPO와의 일문일답.



이 CPO가 MIT 미디어랩 시절 개발한 컴퓨터 스페이스탑(SpaceTop). 모니터에 손을 넣어 이미지 등을 회전시키며 작업할 수 있다. /스페이셜 一 MIT 미디어랩에서 만든 게 스페이스탑과 제론이다. 온라인과 오프라인이 완전히 융합된 미래를 꿈꾸다 메타버스 플랫폼 개발에 이르게 된 건가.“손으로 무언가 만드는 걸 좋아하는데, 결과물을 도출하는 행위보다 과정에서 느끼는 행복감 때문이다. 나와 내가 다루는 대상이 온전히 하나가 되는, 몰입의 경험이 좋은 것이다. 그런데 지금 쓰는 컴퓨터나 스마트폰을 통해서는 이런 경험이 불가능하다. 그래서 ‘어떻게 하면 이 한계를 기술로 넘어설 것인가’라는 생각을 많이 했다.인간은 스스로를 좀 더 자유롭게 만드는 방향으로 진화해왔다. 언제, 어디서나 다른 사람과 연결될 수 있게 해주는 온라인이 대세가 된 것도 이 때문이다. 이 흐름을 거스를 수 없다면 오프라인의 장점을 온라인으로 옮기는 게 맞는다고 결론 내렸다. 언젠가는 스페이스탑이나 제론처럼 온라인과 오프라인의 경계를 말 그대로 ‘무너뜨리는’ 제품이 상용화될 수 있겠지만, 지금의 기술 수준을 고려해 차근차근 단계를 밟기로 했다.”一 스페이셜 창업 전 삼성전자에 몸담은 것도 그 단계의 하나였나.“그렇다. ‘증강현실(AR), 가상현실(VR)과 같은 기술이 고도화되는 데 시간이 걸린다면 그 전에 디스플레이 스크린이라는 매개체를 활용해보는 건 어떨까’라는 생각에서였다. 우선 ‘TV도 공간이다’라는 개념에서 출발했다. TV 자체도 공간이고 TV가 놓인 곳도 거실이라는 공간이지 않은가. 공간은 여러 사람이 함께할 수 있다는 특징을 갖는다. 즉, 혼자만 사용할 수 있는 스마트폰보다 실험할 수 있는 여지가 더 많은 것이다.그다음엔 ‘이 공간에서 사람들이 상호작용할 수 있는 방법이 뭘까’를 생각했다. 그렇게 탄생한 게 CES 2016에서 선보인 미디어스퀘어(MediaSquare)다. 미디어스퀘어 환경에서는 누구나 TV에 스마트폰을 연결해 사진, 비디오, 플레이리스트를 공유할 수 있다. 각자 가고 싶은 음식점을 골라 TV 화면에 띄워 놓고 저녁 메뉴를 고를 수도 있다. 아쉽게도 상용화되진 않았지만 개념은 스마트TV 곳곳에 스며들었다.”一 AR·VR은 글로벌 빅테크인 메타도 고전하는 영역이다. 여전히 전망이 밝다고 생각하나.“AR·VR의 시대가 오는 건 확실하다. 사람들은 정보를 소화하는 걸 넘어 경험하는 방향으로 나아가고 있기 때문이다. 물론 AR 기술이 ‘제대로’ 구현되기까지는 시간이 더 필요할 것으로 예상한다. 하지만 MR 기술은 ‘곧’이라고 본다. 물리적으로 다른 공간에 있는 사람과 한 회의실에 나란히 앉아 회의하는 상황은 그리 머지않은 미래에 현실이 될 것이다. 그렇지 않을 확률은 0%라고 생각한다.”



해외 유명 아티스트 DJ STILO가 스페이셜에 개설한 콘서트 공간. 팬들은 이곳에서 음악을 듣고 춤을 추거나, 하늘을 나는 택시를 타고 곳곳을 둘러볼 수 있다. /스페이셜



맥도날드가 2023년 계묘년을 맞아 디지털 창작자 캐런 X 쳉(Karen X Cheng)과 스페이셜에 개설한 아시아 문화 체험 공간. /스페이셜 一 AR·VR이 보편화되는 시기에 대비해 스페이셜은 어떤 준비를 하고 있나.“사용자가 스페이셜에서 하는 모든 경험에 걸림돌이 없도록 ‘최적화’에 집중하고 있다. 최적화는 크게 두 갈래로 나뉜다. 우선 정밀한 그래픽을 부하가 적게 걸리도록 로드하기 위한 시스템 최적화가 있겠다. 여러 대역폭에 맞춰 그래픽을 순차적으로 로드하거나, 저화질로 먼저 로드한 뒤 고화질로 전환하는 등 다양한 시도를 해보고 가장 효율적인 방법을 찾는 것이다. 스페이셜은 대작 게임 수준의 그래픽을 웹에서 구동하기 때문에 이 부분이 굉장히 중요하다.두 번째는 디자인 최적화다. 관련 특허도 많이 취득했다. 온라인 경험이 오프라인 경험과 비교했을 때 위화감이 없어지려면 그래픽도 사실적이어야 하지만, 무엇보다 ‘이건 뭐지’ ‘이건 어떻게 하지’와 같은 장벽이 없어야 한다. 한 번의 클릭으로 웬만한 건 다 돼야 한다는 소리다. 이는 결코 간단한 작업이 아니다. 실시간으로 운영되는 플랫폼에서 발생하는 갖가지 돌발 상황을 고려하는 것도 어려운데, 이 플랫폼이 3차원(3D) 환경을 지원한다면 생길 수 있는 변수가 배 이상으로 늘어난다.”一 얼마 전 맥도날드가 스페이셜에 체험관을 열었던데, 국내 기업들의 러브콜도 적지 않을 것 같다.“현재 스페이셜 사용자 수가 약 350만명이다. 브랜드 및 개인 창작자를 제외하면 절반가량이 20대 중반이다. 내부에서는 스페이셜의 섬세한 그래픽, 실사와 비슷한 아바타 등을 원인으로 꼽고 있다. 기존 메타버스 플랫폼들은 그래픽의 정밀도가 떨어지는 데다 만화 캐릭터를 연상시키는 아바타를 내세워 ‘10대들의 놀이터’라는 이미지가 강했는데, 스페이셜은 ‘모두에게 열려있다’는 느낌을 준다는 판단에서다. 국내 기업의 시각도 비슷하다. 구체적인 명단을 공개하기는 어렵지만 앞서 시리즈 투자에 참여한 기업 중 일부와 협업 논의를 하고 있다.”
]"
"['도요타 창업자 4세' 도요다 아키오, 14년만에 회장직 오른다]",https://n.news.naver.com/mnews/article/025/0003255735?sid=104,"[
  



도요다 아키오(66) 일본 도요타자동차 사장. AP=연합뉴스       도요다 아키오(66) 일본 도요타자동차 사장이 오는 4월 사장 취임 14년 만에 회장직에 오른다고 니혼게이자이신문(닛케이) 등 현지 언론이 26일 보도했다.      도요타자동차는 이날 도요다 사장이 대표권이 있는 회장으로 4월 1일 취임한다고 발표했다.      후임 사장으로는 1992년 도요타에 입사해 코롤라와 프리우스 등의 부품 개발에 종사해 온 사토 고지(53) 집행임원이 임명됐다.      도요다 신임 회장은 이날 온라인 회견에서 ""도요타의 변혁을 더욱 추진하기 위해 내가 회장이 돼 신임 사장을 지원하는 형태가 가장 좋다고 생각해 이번 결론에 이르렀다""고 인사 배경을 설명했다.      현지 방송 NHK는 ""도요다 사장이 대표권이 있는 회장으로서 계속 경영을 맡을 것으로 보인다""고 전했다.      도요다 신임 회장은 도요타자동차를 창업한 도요다 기이치로 전 회장의 증손자로 지난 2009년 6월 14년 만에 창업가 출신으로 사장에 취임했다.      그는 앞서 2000년 44살의 나이에 이사로 발탁된 뒤 2002년 상무, 2003년 전무를 거쳐 2005년 부사장으로 초고속 승진했다.      사장 취임 이듬해인 2010년에는 미국에서 도요타자동차 대량 리콜 문제로 미 의회 공청회에 참석했으며 2011년 동일본대지진으로 공장에 큰 피해를 보는 어려움을 겪었다. 이후 대대적인 조직 개편 등으로 도요타를 다시 일으켜 세웠다.      도요타는 2020년 5년 만에 세계 자동차 판매 대수 1위에 복귀한 이후 작년까지 3년 연속 1위를 유지했다.      닛케이는 ""코로나19 대응에서 최악의 시기를 벗어났다고 판단해 도요다 사장이 회장으로 창업가의 구심력을 유지하며 사장 자리를 인계하는 것""이라고 분석했다.  
]"
